34080000,1468900,1469000,1468900,1468900,416,0
34200000,1472900,1474100,1472300,1474100,21824,0
34201000,1472100,1472100,1472100,1472100,112,0
34206000,1472100,1472100,1471600,1471600,79,0
34210000,1469300,1469300,1469300,1469300,60,0
34221000,1474100,1474100,1474100,1474100,1,0
34234000,1473200,1477400,1473200,1477400,3962,0
34239000,1474100,1474100,1474100,1474100,1,0
34240000,1478400,1478400,1478400,1478400,100,0
34247000,1478700,1478900,1478700,1478900,200,0
34250000,1478600,1478600,1478600,1478600,118,0
34344000,1472950,1472950,1472950,1472950,9,0
34347000,1473000,1473000,1473000,1473000,200,0
34351000,1477500,1477700,1477500,1477700,200,0
34383000,1474100,1474100,1474100,1474100,1,0
34424000,1476000,1476000,1476000,1476000,5,0
34469000,1474440,1474440,1474440,1474440,11,0
34556000,1471200,1471200,1470600,1470600,150,0
34561000,1470700,1470700,1470700,1470700,50,0
34574000,1470900,1470900,1470900,1470900,1,0
34575000,1470100,1470100,1470100,1470100,100,0
34577000,1470900,1470900,1470900,1470900,55,0
34582000,1470900,1470900,1470900,1470900,44,0
34583000,1473700,1473700,1470100,1470100,183,0
34590000,1471100,1471100,1471100,1471100,36,0
34610000,1473400,1473400,1473400,1473400,8,0
34612000,1471600,1471600,1470800,1470800,318,0
34613000,1473350,1473350,1471500,1471500,200,0
34614000,1475480,1475480,1471400,1471400,187,0
34618000,1471000,1471000,1471000,1471000,100,0
34619000,1471000,1471000,1471000,1471000,88,0
34690000,1471400,1471400,1471400,1471400,15,0
34709000,1470800,1470800,1470300,1470300,469,0
34710000,1469980,1469980,1469980,1469980,21,0
34730000,1471400,1471500,1471400,1471500,100,0
34752000,1469100,1469100,1469100,1469100,90,0
34763000,1469100,1469100,1469100,1469100,100,0
34768000,1469100,1470300,1468700,1468700,301,0
34805000,1467000,1467000,1467000,1467000,100,0
34854000,1466600,1466600,1466300,1466300,707,0
34855000,1466500,1466500,1466500,1466500,200,0
34866000,1467800,1467800,1467800,1467800,100,0
34880000,1466400,1466400,1466400,1466400,115,0
34892000,1465700,1465700,1465700,1465700,100,0
34909000,1465700,1465700,1465700,1465700,100,0
34910000,1467300,1467500,1466350,1467500,592,0
34943000,1467790,1467790,1467790,1467790,1,0
34946000,1467800,1469100,1466700,1467200,731,0
34947000,1469350,1469350,1469350,1469350,50,0
34984000,1469120,1469120,1469120,1469120,100,0
35003000,1470400,1470400,1470400,1470400,12,0
35042000,1471500,1471500,1469900,1469900,200,0
35053000,1469900,1469900,1469900,1469900,72,0
35087000,1471900,1471900,1471900,1471900,100,0
35088000,1472000,1472000,1472000,1472000,200,0
35090000,1472800,1472800,1472800,1472800,200,0
35092000,1471200,1471200,1470700,1470700,600,0
35118000,1472700,1472700,1472700,1472700,88,0
35125000,1473500,1473500,1471400,1471700,1260,0
35139000,1471600,1471600,1471500,1471500,300,0
35154000,1473200,1473200,1473200,1473200,100,0
35158000,1471500,1471500,1471500,1471500,10,0
35172000,1473200,1473200,1473200,1473200,67,0
35186000,1473400,1473400,1473400,1473400,2,0
35199000,1471500,1471500,1471500,1471500,100,0
35206000,1471800,1471800,1471800,1471800,100,0
35213000,1471600,1471600,1471600,1471600,107,0
35228000,1471600,1471600,1471500,1471500,372,0
35244000,1471400,1471400,1471000,1471000,200,0
35281000,1470100,1470100,1470100,1470100,300,0
35285000,1469700,1469700,1469700,1469700,100,0
35295000,1469000,1469000,1469000,1469000,15,0
35296000,1470100,1470100,1470100,1470100,100,0
35297000,1469200,1469200,1469200,1469200,100,0
35325000,1470100,1470200,1469700,1469700,400,0
35333000,1469900,1469900,1469900,1469900,300,0
35345000,1470000,1470000,1470000,1470000,100,0
35363000,1469700,1470000,1469700,1470000,309,0
35403000,1470700,1471500,1470700,1471500,200,0
35474000,1472000,1472000,1472000,1472000,205,0
35479000,1471000,1471000,1471000,1471000,100,0
35492000,1471100,1471100,1471100,1471100,1,0
35501000,1471300,1471300,1471300,1471300,199,0
35504000,1471600,1471600,1471600,1471600,49,0
35511000,1471700,1471700,1471700,1471700,125,0
35517000,1471200,1471200,1470500,1470500,641,0
35535000,1470000,1470000,1470000,1470000,10,0
35577000,1470000,1470000,1469500,1469500,500,0
35595000,1469400,1469400,1469400,1469400,11,0
35606000,1470300,1470300,1470300,1470300,4,0
35634000,1469400,1469400,1469400,1469400,15,0
35643000,1470200,1470200,1470200,1470200,100,0
35653000,1470250,1470250,1470250,1470250,100,0
35659000,1470250,1470250,1470250,1470250,2,0
35667000,1470600,1471000,1470600,1471000,370,0
35671000,1470200,1470200,1470200,1470200,100,0
35681000,1470400,1471100,1470400,1470400,252,0
35698000,1469900,1469900,1469400,1469400,585,0
35758000,1468200,1468300,1466600,1468100,1259,0
35861000,1468000,1468000,1467900,1468000,600,0
35862000,1468000,1468000,1468000,1468000,68,0
35888000,1467500,1467500,1467500,1467500,215,0
35940000,1467200,1467200,1467200,1467200,12,0
36007000,1468600,1468600,1468600,1468600,71,0
36034000,1469699,1469699,1469699,1469699,20,0
36043000,1469200,1469200,1469200,1469200,10,0
36063000,1468600,1468600,1468600,1468600,100,0
36089000,1467600,1467600,1467600,1467600,100,0
36136000,1467400,1467400,1467100,1467100,300,0
36172000,1468100,1468150,1468100,1468150,200,0
36189000,1469283,1469283,1469283,1469283,100,0
36192000,1467400,1467400,1467400,1467400,17,0
36288000,1467800,1467900,1467800,1467800,140,0
36326000,1467500,1467500,1467500,1467500,100,0
36328000,1467500,1467600,1467500,1467600,30,0
36336000,1467200,1467400,1466600,1466600,266,0
36345000,1467400,1467500,1467400,1467500,200,0
36360000,1468600,1468600,1468600,1468600,12,0
36370000,1467400,1467400,1467400,1467400,100,0
36393000,1468400,1468400,1467900,1467900,200,0
36405000,1467600,1467600,1467600,1467600,2,0
36478000,1467600,1468550,1467600,1467600,300,0
36490000,1467500,1468250,1467500,1468250,114,0
36505000,1468100,1468600,1468000,1468600,400,0
36508000,1468800,1469700,1468600,1468600,1300,0
36509000,1469700,1469700,1469700,1469700,100,0
36575000,1468600,1468900,1468600,1468900,101,0
36635000,1468600,1468700,1468400,1468400,1110,0
36658000,1468200,1468200,1468200,1468200,100,0
36686000,1468200,1468200,1468200,1468200,100,0
36771000,1468500,1468500,1468500,1468500,2,0
36789000,1469700,1470800,1469700,1470300,1869,0
36798000,1470600,1470600,1470600,1470600,400,0
36809000,1470500,1470500,1470500,1470500,100,0
36820000,1470100,1470100,1470100,1470100,100,0
36871000,1470600,1470600,1470600,1470600,200,0
36879000,1470600,1470600,1470600,1470600,100,0
36896000,1472000,1472000,1472000,1472000,86,0
36907000,1470700,1471000,1470700,1470700,550,0
36910000,1470300,1470300,1470300,1470300,100,0
36932000,1470700,1470700,1470700,1470700,100,0
36939000,1470300,1470600,1469900,1470300,1500,0
36943000,1470600,1470600,1470600,1470600,200,0
37029000,1472100,1472100,1472100,1472100,10,0
37073000,1472700,1472700,1472700,1472700,4,0
37089000,1472700,1472700,1472700,1472700,462,0
37104000,1474200,1474200,1474200,1474200,2,0
37106000,1472400,1473310,1472400,1473310,200,0
37140000,1473000,1473000,1473000,1473000,100,0
37146000,1474000,1474000,1474000,1474000,200,0
37187000,1473000,1473000,1472800,1472800,322,0
37198000,1472800,1472800,1472500,1472500,180,0
37232000,1472400,1472400,1472400,1472400,100,0
37255000,1473000,1473000,1473000,1473000,1,0
37267000,1472300,1472300,1472300,1472300,100,0
37286000,1472200,1472200,1472200,1472200,100,0
37297000,1472200,1472200,1472200,1472200,100,0
37304000,1472200,1472200,1472200,1472200,100,0
37309000,1471400,1471600,1470700,1471350,3306,0
37313000,1472150,1472150,1472150,1472150,49,0
37318000,1471400,1471400,1470500,1471400,1375,0
37325000,1473000,1473000,1473000,1473000,3,0
37330000,1471400,1471400,1471400,1471400,76,0
37348000,1471400,1471400,1471400,1471400,24,0
37407000,1471100,1471100,1470200,1470200,306,0
37473000,1473000,1473000,1473000,1473000,100,0
37484000,1472900,1472900,1472900,1472900,33,0
37501000,1472700,1472700,1472700,1472700,100,0
37505000,1472900,1473000,1472900,1473000,346,0
37532000,1473000,1473300,1472650,1472850,330,0
37543000,1472490,1472490,1472490,1472490,17,0
37546000,1472400,1472400,1471900,1471900,210,0
37555000,1473000,1473000,1473000,1473000,100,0
37578000,1472100,1472100,1472100,1472100,100,0
37600000,1472700,1473000,1472550,1472550,900,0
37605000,1473000,1473300,1473000,1473300,814,0
37609000,1473200,1473200,1473200,1473200,100,0
37624000,1474200,1474300,1474200,1474300,200,0
37648000,1474700,1474700,1474700,1474700,1,0
37691000,1473800,1473800,1473800,1473800,14,0
37705000,1475300,1475300,1475300,1475300,100,0
37706000,1474800,1474800,1474800,1474800,50,0
37725000,1475000,1475100,1474300,1475100,400,0
37764000,1474800,1474800,1474800,1474800,100,0
37766000,1474200,1474200,1474200,1474200,200,0
37772000,1474600,1475000,1474600,1474995,500,0
37773000,1474900,1474900,1474900,1474900,428,0
37807000,1475000,1475000,1475000,1475000,100,0
37808000,1474900,1474900,1474900,1474900,22,0
37840000,1474100,1474100,1474000,1474000,160,0
37911000,1474884,1474884,1474884,1474884,44,0
37914000,1473500,1473500,1473300,1473300,334,0
37917000,1473200,1473200,1473200,1473200,60,0
37967000,1472800,1473200,1472800,1473200,500,0
37975000,1472400,1472800,1472400,1472800,150,0
37989000,1472100,1472100,1471900,1471900,14,0
38017000,1471600,1471600,1471500,1471500,400,0
38020000,1471700,1471700,1471700,1471700,100,0
38028000,1471401,1471401,1471401,1471401,1,0
38050000,1471600,1471600,1471600,1471600,100,0
38051000,1472100,1472100,1472100,1472100,100,0
38061000,1471600,1471600,1471600,1471600,400,0
38066000,1471600,1471700,1471600,1471700,140,0
38088000,1471800,1471800,1471800,1471800,100,0
38096000,1471900,1471900,1471800,1471800,110,0
38097000,1471800,1471800,1471700,1471800,743,0
38099000,1471800,1471800,1471800,1471800,100,0
38100000,1471800,1472000,1471800,1472000,722,0
38186000,1472700,1472700,1472700,1472700,5,0
38214000,1471900,1471900,1471900,1471900,300,0
38226000,1471800,1471800,1471300,1471300,937,0
38231000,1470700,1470700,1470700,1470700,100,0
38235000,1471400,1471400,1471400,1471400,100,0
38238000,1471900,1471900,1471900,1471900,8,0
38245000,1471400,1471400,1471400,1471400,100,0
38295000,1471200,1471200,1471200,1471200,13,0
38349000,1471200,1471200,1471200,1471200,100,0
38362000,1471300,1471900,1471300,1471900,689,0
38370000,1471200,1471200,1471200,1471200,100,0
38373000,1471200,1471200,1470000,1470100,747,0
38376000,1469600,1469600,1469550,1469550,202,0
38424000,1471300,1471300,1471300,1471300,50,0
38440000,1470000,1470000,1470000,1470000,100,0
38454000,1470300,1470300,1470300,1470300,100,0
38459000,1469500,1469500,1469100,1469100,403,0
38460000,1470200,1470200,1470200,1470200,25,0
38467000,1469300,1470250,1469300,1470250,300,0
38598000,1468900,1468900,1468900,1468900,9,0
38699000,1469100,1469100,1469100,1469100,100,0
38721000,1469000,1469000,1469000,1469000,309,0
38730000,1468900,1468900,1468800,1468900,400,0
38732000,1469100,1469100,1469100,1469100,100,0
38757000,1469600,1469800,1469600,1469800,26,0
38759000,1469800,1470000,1469500,1470000,1768,0
38761000,1470100,1470100,1470100,1470100,531,0
38773000,1471800,1471800,1471800,1471800,35,0
38797000,1472600,1472600,1472600,1472600,1,0
38823000,1472599,1472599,1472599,1472599,5,0
38860000,1470800,1470800,1470400,1470400,790,0
38872000,1470300,1470300,1470300,1470300,10,0
38882000,1470300,1470300,1470200,1470200,110,0
38900000,1470700,1470700,1470700,1470700,1,0
38903000,1469800,1469800,1469800,1469800,12,0
38913000,1470300,1470300,1470300,1470300,80,0
38916000,1470700,1470700,1470700,1470700,100,0
38948000,1470690,1470690,1470690,1470690,50,0
38960000,1470600,1470600,1470600,1470600,1,0
38971000,1469700,1469700,1469700,1469700,100,0
38987000,1470300,1470300,1469800,1469800,300,0
38990000,1469700,1469700,1469500,1469500,139,0
38991000,1470000,1470000,1469900,1469900,146,0
39003000,1469800,1469800,1469800,1469800,100,0
39034000,1469500,1469750,1469300,1469300,503,0
39059000,1469600,1469600,1469600,1469600,100,0
39067000,1469200,1469200,1469200,1469200,200,0
39086000,1468900,1468900,1468900,1468900,38,0
39142000,1469000,1469000,1468900,1468900,201,0
39170000,1469400,1469400,1469400,1469400,4,0
39187000,1469500,1469500,1469500,1469500,2,0
39196000,1468500,1468500,1468500,1468500,11,0
39259000,1469999,1469999,1469999,1469999,10,0
39299000,1468700,1468700,1468700,1468700,100,0
39344000,1468700,1468700,1468300,1468300,338,0
39362000,1468700,1468700,1468700,1468700,511,0
39366000,1468700,1468700,1468700,1468700,131,0
39403000,1469000,1469000,1469000,1469000,100,0
39422000,1468800,1468800,1468300,1468300,101,0
39437000,1468310,1468310,1468310,1468310,7,0
39439000,1468300,1468400,1468300,1468300,600,0
39446000,1468400,1468400,1468400,1468400,100,0
39480000,1469050,1469050,1468400,1468400,700,0
39500000,1468400,1468400,1468200,1468300,503,0
39501000,1467900,1467900,1467900,1467900,200,0
39538000,1467850,1467850,1467850,1467850,1,0
39539000,1467900,1467900,1467900,1467900,10,0
39540000,1467850,1468300,1467850,1467900,278,0
39541000,1467850,1468500,1467850,1468300,770,0
39542000,1468500,1468500,1468500,1468500,100,0
39547000,1468300,1468300,1468300,1468300,200,0
39564000,1468200,1468200,1468200,1468200,100,0
39590000,1468300,1468300,1468300,1468300,9,0
39610000,1468000,1468000,1468000,1468000,20,0
39694000,1468300,1468300,1468300,1468300,100,0
39718000,1468300,1468300,1468300,1468300,100,0
39755000,1468300,1468300,1468000,1468300,500,0
39814000,1468100,1468100,1468100,1468100,14,0
39878000,1468100,1468500,1467800,1468500,327,0
39919000,1469190,1469190,1469190,1469190,200,0
39921000,1469400,1469400,1469400,1469400,41,0
39922000,1468000,1468000,1468000,1468000,15,0
40046000,1469300,1469300,1469300,1469300,100,0
40135000,1469000,1469000,1469000,1469000,4,0
40139000,1468300,1468300,1468300,1468300,300,0
40152000,1468700,1468700,1468700,1468700,3,0
40156000,1468200,1468200,1468200,1468200,100,0
40159000,1468200,1468200,1468200,1468200,264,0
40189000,1467700,1468000,1467300,1467300,310,0
40195000,1467700,1467700,1467700,1467700,10,0
40202000,1467900,1467900,1467900,1467900,200,0
40204000,1467040,1467600,1467040,1467600,60,0
40238000,1467800,1467800,1467800,1467800,100,0
40240000,1467000,1467000,1467000,1467000,100,0
40270000,1467500,1467500,1467500,1467500,100,0
40275000,1467800,1467800,1467800,1467800,10,0
40277000,1467800,1467800,1467800,1467800,10,0
40290000,1468800,1468800,1468800,1468800,24,0
40307000,1467800,1467800,1467800,1467800,2,0
40317000,1468700,1468800,1467900,1467900,510,0
40320000,1467900,1467900,1467400,1467500,580,0
40338000,1467700,1467700,1467700,1467700,100,0
40356000,1467700,1467700,1467400,1467500,110,0
40375000,1467600,1467600,1467600,1467600,20,0
40383000,1466900,1467700,1466800,1467600,75,0
40400000,1467400,1467800,1467400,1467800,400,0
40422000,1467800,1467800,1467800,1467800,120,0
40443000,1467800,1467800,1467800,1467800,968,0
40444000,1468000,1468000,1468000,1468000,100,0
40452000,1468200,1468200,1468200,1468200,18,0
40453000,1468100,1468100,1468000,1468000,600,0
40454000,1467800,1467800,1467800,1467800,200,0
40554000,1468600,1468600,1468600,1468600,200,0
40556000,1468300,1468300,1468300,1468300,100,0
40559000,1468600,1468600,1468100,1468100,200,0
40684000,1468000,1468000,1468000,1468000,38,0
40712000,1468850,1468850,1468850,1468850,40,0
40718000,1469550,1469550,1469550,1469550,100,0
40750000,1468400,1468400,1468400,1468400,53,0
40771000,1468900,1468900,1468900,1468900,1,0
40788000,1468850,1468850,1468400,1468400,40,0
40800000,1468400,1468400,1468400,1468400,100,0
40801000,1468200,1468200,1468100,1468100,201,0
40820000,1468350,1468350,1468350,1468350,200,0
40827000,1467700,1468100,1466700,1468100,207,0
40854000,1469200,1469200,1469200,1469200,1,0
40855000,1468350,1468350,1468350,1468350,100,0
40863000,1468500,1468500,1468500,1468500,100,0
40942000,1469190,1469190,1469190,1469190,18,0
40970000,1469100,1469100,1469100,1469100,100,0
40974000,1468900,1469100,1468900,1469100,100,0
41010000,1468500,1468700,1467600,1468700,476,0
41011000,1468000,1468000,1468000,1468000,62,0
41040000,1468500,1468500,1468500,1468500,7,0
41041000,1468000,1468000,1468000,1468000,2,0
41042000,1467900,1467900,1467900,1467900,1,0
41080000,1467900,1467900,1467900,1467900,70,0
41150000,1468000,1468000,1467500,1467500,179,0
41167000,1467500,1467500,1467500,1467500,300,0
41168000,1467500,1467500,1467500,1467500,490,0
41177000,1467650,1467650,1467650,1467650,200,0
41196000,1467600,1467600,1467600,1467600,16,0
41198000,1467600,1467600,1467600,1467600,184,0
41220000,1467700,1467700,1467700,1467700,100,0
41233000,1468100,1468100,1468100,1468100,3,0
41253000,1467100,1467100,1467100,1467100,100,0
41274000,1467000,1467000,1467000,1467000,100,0
41287000,1466600,1466600,1466600,1466600,100,0
41339000,1466608,1466608,1466608,1466608,45,0
41345000,1467300,1467300,1467300,1467300,1,0
41363000,1467400,1467400,1467400,1467400,652,0
41453000,1468100,1468100,1468100,1468100,5,0
41455000,1468100,1468100,1468100,1468100,22,0
41584000,1468300,1468300,1468300,1468300,1,0
41619000,1468100,1468100,1468100,1468100,78,0
41620000,1468300,1469400,1467850,1468700,1063,0
41623000,1468600,1468600,1468600,1468600,100,0
41625000,1469500,1469500,1468600,1468600,101,0
41653000,1469500,1469500,1469500,1469500,1,0
41674000,1469975,1469975,1469975,1469975,55,0
41675000,1468700,1468700,1468600,1468600,732,0
41676000,1468200,1468200,1468200,1468200,500,0
41710000,1468630,1468630,1468630,1468630,100,0
41762000,1468900,1468900,1468100,1468100,487,0
41813000,1467900,1467900,1467900,1467900,20,0
41975000,1468700,1468700,1468700,1468700,200,0
41991000,1468700,1468700,1468700,1468700,100,0
41997000,1468600,1468600,1468100,1468100,300,0
42011000,1468490,1468490,1468490,1468490,3,0
42018000,1468500,1468700,1468500,1468600,707,0
42034000,1469899,1469899,1468101,1468101,27,0
42040000,1468500,1468500,1468500,1468500,100,0
42041000,1468400,1468400,1468400,1468400,100,0
42180000,1468900,1469000,1468300,1468300,662,0
42189000,1468700,1468700,1468000,1468000,402,0
42208000,1467800,1467800,1467800,1467800,100,0
42228000,1468500,1468500,1468500,1468500,1,0
42293000,1467200,1467200,1467100,1467100,232,0
42295000,1466900,1466900,1466900,1466900,23,0
42351000,1467550,1467550,1466700,1466700,200,0
42386000,1466750,1466750,1466750,1466750,100,0
42403000,1466600,1466600,1466600,1466600,100,0
42478000,1466200,1466200,1465200,1465200,400,0
42523000,1466200,1466200,1466200,1466200,100,0
42630000,1465700,1465700,1465600,1465600,236,0
42636000,1465800,1465800,1465500,1465500,337,0
42643000,1465700,1465700,1465600,1465600,800,0
42706000,1465900,1465900,1465900,1465900,67,0
42731000,1466000,1466000,1465900,1466000,279,0
42750000,1467375,1467375,1467375,1467375,20,0
42758000,1467900,1467900,1467900,1467900,3,0
42789000,1467200,1467400,1466400,1466400,300,0
42811000,1466600,1466800,1466400,1466800,407,0
42821000,1466100,1466100,1466000,1466000,209,0
42891000,1466800,1466800,1466800,1466800,36,0
42900000,1467200,1467200,1467200,1467200,30,0
42917000,1466300,1466300,1466300,1466300,100,0
42976000,1467999,1467999,1467999,1467999,2,0
42979000,1466201,1466201,1466201,1466201,29,0
43017000,1466200,1466200,1466200,1466200,1,0
43023000,1466000,1466200,1466000,1466200,263,0
43064000,1467600,1467600,1467600,1467600,4,0
43090000,1467600,1467600,1466400,1466400,200,0
43107000,1466650,1466650,1466650,1466650,30,0
43245000,1466600,1466600,1466600,1466600,100,0
43248000,1466500,1466500,1466500,1466500,100,0
43301000,1467100,1467100,1467100,1467100,100,0
43303000,1467200,1467200,1467200,1467200,100,0
43306000,1467400,1467400,1466100,1466100,200,0
43309000,1467400,1467400,1467400,1467400,100,0
43310000,1467300,1467400,1466900,1466900,741,0
43311000,1465900,1466900,1465900,1466900,112,0
43312000,1466000,1466000,1466000,1466000,46,0
43317000,1466600,1466600,1465700,1465700,300,0
43332000,1466900,1467100,1466900,1467100,418,0
43333000,1467100,1467550,1466600,1466600,232,0
43334000,1466500,1466500,1466500,1466500,41,0
43350000,1467200,1467600,1467200,1467600,130,0
43388000,1467300,1467300,1467300,1467300,42,0
43402000,1467100,1467450,1467100,1467450,100,0
43415000,1467599,1467599,1467599,1467599,2,0
43424000,1467600,1467600,1467600,1467600,100,0
43428000,1468100,1468100,1468100,1468100,63,0
43620000,1468500,1469700,1468500,1468900,1000,0
43621000,1468800,1468800,1468800,1468800,100,0
43625000,1468800,1468800,1468300,1468300,823,0
43631000,1468400,1468400,1468400,1468400,100,0
43643000,1468700,1468700,1468300,1468300,300,0
43784000,1468400,1468400,1468400,1468400,100,0
43787000,1468400,1468500,1468400,1468500,252,0
43799000,1469100,1469100,1468300,1468300,200,0
43825000,1468600,1468600,1468600,1468600,100,0
43849000,1469920,1469920,1469920,1469920,14,0
43850000,1468500,1468500,1468500,1468500,200,0
43853000,1468500,1468500,1468500,1468500,10,0
43858000,1468500,1468600,1468500,1468600,400,0
43861000,1468500,1468500,1468100,1468100,700,0
43882000,1468600,1468600,1468600,1468600,100,0
44033000,1469901,1469901,1469901,1469901,62,0
44093000,1470500,1470500,1469800,1469800,527,0
44139000,1469200,1469200,1469200,1469200,200,0
44156000,1468800,1468800,1468800,1468800,100,0
44164000,1469300,1469300,1468400,1468400,24,0
44334000,1468600,1468600,1468300,1468300,325,0
44369000,1468500,1468500,1468500,1468500,100,0
44371000,1468600,1468600,1468600,1468600,100,0
44372000,1468500,1468500,1468100,1468100,900,0
44435000,1467900,1467900,1467900,1467900,200,0
44436000,1467800,1467800,1467600,1467600,108,0
44487000,1467300,1467300,1467300,1467300,5,0
44541000,1467850,1467850,1467850,1467850,100,0
44577000,1468499,1468499,1468499,1468499,3,0
44613000,1467200,1467200,1467200,1467200,100,0
44616000,1467500,1467500,1467500,1467500,1,0
44655000,1467600,1467600,1467100,1467100,300,0
44661000,1467400,1467400,1467400,1467400,100,0
44691000,1467200,1467200,1467200,1467200,100,0
44743000,1467700,1467700,1467700,1467700,100,0
44913000,1467600,1467600,1467600,1467600,10,0
44918000,1468100,1468100,1468100,1468100,100,0
44924000,1467700,1467700,1467200,1467200,651,0
45018000,1468200,1468200,1468200,1468200,100,0
45076000,1467800,1467800,1467800,1467800,11,0
45103000,1467900,1467900,1467900,1467900,1,0
45135000,1468010,1468010,1467100,1467100,135,0
45160000,1467800,1467800,1467800,1467800,340,0
45171000,1467201,1467201,1467201,1467201,8,0
45200000,1467600,1467600,1467600,1467600,100,0
45249000,1468400,1468500,1468000,1468000,400,0
45280000,1468000,1468000,1468000,1468000,100,0
45288000,1468100,1468100,1468000,1468000,433,0
45298000,1468100,1468100,1468100,1468100,57,0
45370000,1468100,1468100,1468100,1468100,100,0
45395000,1468000,1468000,1468000,1468000,200,0
45452000,1467500,1467500,1467500,1467500,8,0
45463000,1468300,1468300,1468300,1468300,1,0
45593000,1468141,1468141,1468141,1468141,25,0
45698000,1468500,1468500,1468500,1468500,1,0
45749000,1468000,1468300,1467600,1467600,502,0
45756000,1468000,1468000,1468000,1468000,100,0
45795000,1467500,1467500,1467300,1467300,290,0
45828000,1467100,1467100,1467000,1467100,361,0
46170000,1467900,1467900,1467900,1467900,38,0
46233000,1467100,1467300,1467000,1467000,150,0
46307000,1467400,1467400,1466900,1466900,200,0
46309000,1467300,1467300,1467300,1467300,10,0
46451000,1467000,1467000,1466900,1467000,64,0
46464000,1466600,1466600,1466600,1466600,10,0
46609000,1466500,1466500,1466100,1466500,344,0
46614000,1466400,1466700,1466100,1466100,400,0
46630000,1466100,1466100,1466000,1466000,200,0
46669000,1466180,1466180,1466180,1466180,65,0
46678000,1465200,1465200,1465200,1465200,2,0
46683000,1465101,1465101,1465101,1465101,5,0
46740000,1465400,1465400,1465200,1465200,300,0
46743000,1465600,1465600,1465600,1465600,2,0
46762000,1465200,1465200,1465000,1465000,100,0
46765000,1465000,1465000,1465000,1465000,100,0
46766000,1466000,1466000,1464800,1464800,404,0
46767000,1465950,1465950,1465950,1465950,100,0
46769000,1465950,1465950,1465950,1465950,100,0
46803000,1465000,1465100,1464600,1464600,600,0
46809000,1465400,1465400,1464600,1464600,200,0
46965000,1465000,1465000,1465000,1465000,100,0
47008000,1465700,1465800,1465000,1465000,188,0
47038000,1465000,1465000,1465000,1465000,100,0
47073000,1465000,1465000,1464900,1464900,400,0
47106000,1465000,1465000,1465000,1465000,100,0
47116000,1465000,1465000,1465000,1465000,100,0
47128000,1465000,1465000,1464400,1464400,710,0
47141000,1465000,1465000,1465000,1465000,91,0
47165000,1465000,1465100,1465000,1465100,496,0
47173000,1464800,1464800,1464800,1464800,200,0
47174000,1464800,1464800,1464300,1464300,300,0
47188000,1465000,1465300,1465000,1465000,836,0
47251000,1464801,1465900,1464801,1465680,129,0
47287000,1465100,1465100,1464900,1464900,200,0
47325000,1465200,1465200,1465200,1465200,500,0
47351000,1466300,1466300,1466300,1466300,1,0
47442000,1465500,1465500,1465200,1465200,564,0
47453000,1465100,1465100,1464600,1464600,300,0
47529000,1465100,1465100,1465000,1465000,653,0
47566000,1464900,1464900,1464900,1464900,100,0
47571000,1465000,1465000,1465000,1465000,200,0
47575000,1465100,1465100,1465100,1465100,1,0
47607000,1465000,1465000,1465000,1465000,142,0
47608000,1465100,1465100,1465100,1465100,96,0
47639000,1465400,1465400,1464600,1464600,501,0
47643000,1464500,1464500,1464500,1464500,7,0
47657000,1464800,1465000,1464600,1465000,700,0
47707000,1464900,1465000,1464700,1465000,563,0
47712000,1465400,1465400,1465400,1465400,100,0
47871000,1465700,1465700,1465300,1465300,388,0
47919000,1465300,1465300,1465300,1465300,100,0
47924000,1465200,1465200,1465200,1465200,100,0
47931000,1465400,1465400,1465400,1465400,100,0
47953000,1465700,1465700,1465700,1465700,100,0
47963000,1465700,1465700,1465500,1465500,300,0
47975000,1465600,1465700,1465600,1465700,300,0
47988000,1465700,1465700,1465700,1465700,12,0
47989000,1465900,1465900,1465900,1465900,100,0
47990000,1465600,1465900,1465600,1465900,200,0
47991000,1465900,1466200,1465900,1466200,400,0
47994000,1466500,1466500,1466000,1466000,200,0
48016000,1466800,1466800,1466800,1466800,100,0
48026000,1467000,1467000,1467000,1467000,100,0
48035000,1467300,1467300,1467300,1467300,100,0
48058000,1467800,1467800,1467800,1467800,100,0
48069000,1468000,1468000,1468000,1468000,100,0
48078000,1468500,1468500,1467700,1467700,200,0
48082000,1468800,1468800,1468800,1468800,100,0
48117000,1469100,1469100,1469100,1469100,100,0
48155000,1469300,1469400,1469300,1469400,200,0
48167000,1469400,1469400,1468700,1468700,200,0
48190000,1469100,1469100,1468800,1468800,200,0
48192000,1468500,1468500,1468000,1468000,989,0
48245000,1467900,1467900,1467500,1467500,228,0
48365000,1467400,1467500,1467400,1467500,102,0
48370000,1467000,1467000,1467000,1467000,100,0
48410000,1467100,1467100,1467000,1467000,129,0
48412000,1467000,1467000,1466500,1466500,300,0
48467000,1467200,1467200,1466600,1466600,600,0
48480000,1466600,1466600,1466600,1466600,26,0
48481000,1465999,1465999,1465999,1465999,5,0
48602000,1466600,1466800,1466400,1466400,872,0
48611000,1466600,1466600,1466600,1466600,100,0
48619000,1466900,1466900,1466600,1466600,338,0
48675000,1467199,1467199,1467199,1467199,25,0
48679000,1466600,1466600,1466400,1466400,700,0
48681000,1466700,1466700,1466700,1466700,200,0
48725000,1466900,1466900,1466900,1466900,62,0
48856000,1466800,1466800,1466100,1466100,1106,0
48873000,1466400,1466400,1466400,1466400,10,0
48888000,1466000,1466000,1465900,1465900,576,0
48904000,1465800,1465800,1465800,1465800,9,0
48910000,1465800,1465800,1465800,1465800,1,0
48930000,1466000,1466000,1466000,1466000,278,0
48935000,1466100,1466500,1466100,1466300,749,0
48972000,1466200,1466200,1465600,1465600,1000,0
49021000,1466300,1466300,1466300,1466300,100,0
49024000,1465801,1465801,1465801,1465801,10,0
49057000,1465800,1465800,1465800,1465800,110,0
49084000,1466030,1466030,1466030,1466030,2,0
49094000,1465400,1465400,1465400,1465400,144,0
49174000,1465700,1465810,1465600,1465810,393,0
49191000,1465700,1465800,1465700,1465700,117,0
49203000,1465700,1465700,1465700,1465700,200,0
49214000,1465700,1465700,1465700,1465700,100,0
49225000,1465600,1465600,1465600,1465600,100,0
49238000,1465500,1465500,1465500,1465500,200,0
49251000,1465000,1465000,1465000,1465000,100,0
49296000,1464700,1464700,1464700,1464700,202,0
49341000,1465100,1465100,1465100,1465100,100,0
49342000,1465100,1465500,1465100,1465500,440,0
49350000,1466000,1466000,1466000,1466000,100,0
49368000,1465700,1465700,1465700,1465700,26,0
49369000,1465700,1465700,1465400,1465400,300,0
49386000,1465300,1465300,1465300,1465300,101,0
49426000,1465600,1465600,1465600,1465600,312,0
49451000,1465100,1465100,1465100,1465100,100,0
49462000,1464900,1464900,1464900,1464900,207,0
49514000,1465700,1465700,1465700,1465700,5,0
49555000,1465300,1465300,1464800,1464800,412,0
49560000,1464800,1464800,1464800,1464800,12,0
49564000,1465400,1465400,1465400,1465400,7,0
49569000,1464800,1464800,1464800,1464800,123,0
49583000,1465300,1465300,1465300,1465300,150,0
49584000,1465000,1465000,1465000,1465000,520,0
49591000,1464940,1464940,1464940,1464940,68,0
49615000,1464700,1464700,1464700,1464700,100,0
49620000,1465000,1465000,1465000,1465000,1020,0
49645000,1464700,1464700,1464700,1464700,10,0
49710000,1465300,1465300,1465300,1465300,17,0
49752000,1464500,1464500,1464300,1464300,212,0
49755000,1464300,1464300,1464300,1464300,338,0
49785000,1463800,1463800,1463300,1463300,482,0
49788000,1463500,1463500,1463500,1463500,100,0
49791000,1463000,1463100,1463000,1463100,200,0
49816000,1463000,1463220,1462700,1463220,200,0
49904000,1462200,1462200,1462200,1462200,100,0
49946000,1462200,1462200,1462200,1462200,392,0
49959000,1461800,1461800,1461800,1461800,15,0
50142000,1462100,1462200,1462100,1462200,13,0
50153000,1461700,1461700,1461700,1461700,100,0
50188000,1461300,1461300,1461300,1461300,80,0
50199000,1461500,1461500,1461500,1461500,92,0
50226000,1461850,1461850,1461850,1461850,400,0
50232000,1461850,1461850,1461850,1461850,200,0
50263000,1461900,1461900,1461500,1461900,1473,0
50270000,1462000,1462000,1462000,1462000,50,0
50274000,1461500,1462200,1461300,1462000,1600,0
50309000,1462400,1462400,1462400,1462400,367,0
50310000,1462400,1462400,1462400,1462400,100,0
50320000,1462599,1462599,1462309,1462309,12,0
50333000,1462600,1462800,1462600,1462800,300,0
50334000,1462800,1463200,1462800,1463200,200,0
50388000,1463980,1463980,1463900,1463900,114,0
50408000,1464490,1464490,1464490,1464490,68,0
50482000,1463810,1463810,1463810,1463810,187,0
50624000,1464300,1464300,1464300,1464300,100,0
50630000,1463690,1463690,1463690,1463690,100,0
50700000,1463500,1463500,1463200,1463400,770,0
50783000,1463300,1463300,1463300,1463300,3,0
50794000,1463400,1463400,1463400,1463400,1,0
50799000,1463300,1463300,1463300,1463300,2,0
50809000,1462701,1462701,1462701,1462701,62,0
50841000,1463050,1463050,1463050,1463050,100,0
50842000,1462700,1463050,1462400,1463050,1723,0
50844000,1462200,1462200,1461900,1461900,121,0
50853000,1462200,1462200,1462200,1462200,80,0
50862000,1462500,1462500,1462500,1462500,100,0
50866000,1461700,1461700,1461400,1461500,400,0
50867000,1461300,1461300,1461300,1461300,69,0
50871000,1461600,1461600,1461600,1461600,100,0
50927000,1461800,1461800,1461800,1461800,100,0
50946000,1461560,1461560,1461560,1461560,202,0
50951000,1462100,1462100,1462100,1462100,100,0
50995000,1461500,1461500,1461500,1461500,510,0
50999000,1461000,1461000,1461000,1461000,69,0
51042000,1461380,1461380,1461380,1461380,33,0
51099000,1461500,1461500,1461500,1461500,3,0
51143000,1461600,1461600,1461600,1461600,1,0
51144000,1461600,1461600,1461600,1461600,1,0
51145000,1461600,1461600,1461600,1461600,1,0
51193000,1460800,1460800,1460200,1460200,700,0
51212000,1460918,1460918,1460918,1460918,50,0
51273000,1461300,1461400,1461300,1461300,700,0
51274000,1461300,1461300,1461300,1461300,100,0
51283000,1461400,1461400,1461400,1461400,100,0
51298000,1461500,1461500,1461500,1461500,1,0
51384000,1461700,1461700,1461600,1461600,240,0
51385000,1461700,1461700,1461700,1461700,100,0
51438000,1461400,1461400,1461400,1461400,100,0
51440000,1463300,1463300,1463300,1463300,4,0
51479000,1462300,1462800,1462300,1462300,1190,0
51504000,1462200,1462200,1462100,1462100,400,0
51505000,1462600,1462600,1462600,1462600,100,0
51519000,1462600,1462600,1462600,1462600,100,0
51591000,1462600,1463000,1462500,1463000,600,0
51600000,1463400,1463400,1463400,1463400,100,0
51640000,1462900,1462900,1462900,1462900,100,0
51671000,1463300,1463300,1463300,1463300,10,0
51690000,1462500,1462500,1462500,1462500,40,0
51694000,1462500,1462600,1462000,1462000,677,0
51701000,1462900,1463200,1462900,1463200,400,0
51704000,1463200,1463200,1463200,1463200,140,0
51706000,1463200,1463200,1463200,1463200,517,0
51709000,1462700,1462700,1462700,1462700,100,0
51713000,1462700,1462700,1462700,1462700,300,0
51720000,1462300,1462300,1462300,1462300,600,0
51727000,1463100,1463200,1463100,1463200,200,0
51730000,1463200,1463200,1463200,1463200,117,0
51802000,1463200,1463200,1463200,1463200,2,0
51820000,1463200,1463200,1463200,1463200,1,0
51852000,1463200,1463200,1463200,1463200,1,0
51865000,1462360,1462360,1462360,1462360,1,0
51943000,1463200,1463200,1463200,1463200,199,0
51952000,1462201,1462201,1462201,1462201,25,0
51970000,1462200,1462200,1462200,1462200,210,0
51978000,1462900,1462900,1462900,1462900,5,0
51988000,1461800,1461800,1461800,1461800,2,0
52084000,1462900,1462900,1462900,1462900,100,0
52106000,1462000,1462000,1462000,1462000,13,0
52122000,1462600,1462600,1462600,1462600,200,0
52123000,1462700,1462700,1462700,1462700,81,0
52130000,1463200,1463200,1463200,1463200,2,0
52201000,1462200,1462200,1462200,1462200,100,0
52233000,1462200,1462600,1462100,1462600,316,0
52246000,1461600,1461600,1461600,1461600,1,0
52267000,1461800,1462800,1461400,1462800,400,0
52291000,1461600,1461600,1461600,1461600,100,0
52292000,1462050,1462050,1462050,1462050,100,0
52304000,1462500,1462500,1462500,1462500,100,0
52437000,1462500,1462700,1462500,1462500,609,0
52454000,1463400,1463400,1463100,1463100,105,0
52493000,1463000,1463000,1462900,1462900,607,0
52505000,1462700,1462700,1462700,1462700,100,0
52522000,1462500,1462500,1462400,1462400,200,0
52525000,1462272,1462272,1462272,1462272,1,0
52556000,1462600,1462600,1462600,1462600,100,0
52563000,1462900,1463100,1462900,1463100,274,0
52564000,1463400,1463400,1463400,1463400,300,0
52575000,1463640,1463640,1463640,1463640,2,0
52674000,1464200,1464200,1464200,1464200,100,0
52705000,1464800,1464800,1464800,1464800,100,0
52715000,1464870,1464870,1464870,1464870,30,0
52759000,1464090,1464090,1464090,1464090,50,0
52792000,1464900,1464900,1464900,1464900,100,0
52793000,1465000,1465000,1465000,1465000,200,0
52809000,1465000,1465400,1465000,1465400,800,0
52810000,1465400,1465400,1465400,1465400,100,0
52863000,1465400,1465400,1465400,1465400,136,0
52873000,1465100,1465100,1465000,1465000,320,0
52897000,1464650,1464650,1464650,1464650,19,0
52916000,1464301,1464301,1464301,1464301,9,0
52928000,1465025,1465025,1465025,1465025,1,0
52944000,1465300,1465300,1465300,1465300,100,0
52980000,1465300,1465500,1465200,1465200,1090,0
52981000,1466200,1466200,1466200,1466200,52,0
52995000,1465400,1465400,1465300,1465300,210,0
52996000,1465400,1465400,1465400,1465400,2,0
53035000,1466100,1466100,1466100,1466100,1,0
53045000,1465200,1465200,1465200,1465200,100,0
53046000,1465500,1465500,1464700,1464700,400,0
53054000,1464700,1464700,1464700,1464700,100,0
53063000,1464700,1464700,1464700,1464700,100,0
53127000,1465000,1465000,1465000,1465000,100,0
53214000,1464900,1464900,1464900,1464900,100,0
53216000,1465000,1465000,1465000,1465000,100,0
53218000,1464700,1464700,1464700,1464700,100,0
53277000,1465000,1465000,1465000,1465000,100,0
53292000,1465000,1465200,1465000,1465000,600,0
53298000,1465050,1465050,1465050,1465050,100,0
53303000,1465100,1465100,1465050,1465050,400,0
53305000,1465050,1465050,1465050,1465050,100,0
53320000,1465100,1465100,1465100,1465100,100,0
53321000,1465100,1465100,1465100,1465100,100,0
53322000,1465100,1465100,1465100,1465100,100,0
53323000,1465100,1465600,1465100,1465600,603,0
53324000,1465600,1465600,1465600,1465600,197,0
53370000,1466200,1466200,1466200,1466200,24,0
53378000,1466199,1466199,1466199,1466199,50,0
53379000,1465700,1465700,1465700,1465700,100,0
53388000,1465950,1465950,1465950,1465950,600,0
53391000,1466000,1466300,1466000,1466100,592,0
53407000,1466600,1466600,1466600,1466600,100,0
53448000,1466300,1466300,1466000,1466000,110,0
53449000,1466400,1466400,1466400,1466400,100,0
53450000,1466400,1466400,1466400,1466400,200,0
53474000,1466200,1466200,1466200,1466200,300,0
53491000,1466200,1466200,1466200,1466200,262,0
53529000,1466100,1466100,1466100,1466100,4,0
53565000,1466800,1466800,1466800,1466800,5,0
53570000,1466450,1466450,1466450,1466450,100,0
53605000,1466650,1466650,1466650,1466650,100,0
53611000,1466500,1466500,1466500,1466500,2,0
53621000,1466400,1466400,1466300,1466300,361,0
53632000,1466200,1466200,1466200,1466200,200,0
53665000,1466100,1466100,1466100,1466100,143,0
53667000,1465800,1465800,1465800,1465800,79,0
53669000,1465700,1465700,1465700,1465700,28,0
53673000,1466000,1466000,1466000,1466000,100,0
53674000,1465800,1465800,1465701,1465701,42,0
53684000,1465700,1465700,1465700,1465700,79,0
53690000,1465600,1465600,1465600,1465600,100,0
53691000,1465400,1465400,1465400,1465400,100,0
53699000,1465500,1465500,1465500,1465500,100,0
53708000,1466300,1466300,1466300,1466300,100,0
53710000,1465600,1465600,1465405,1465405,400,0
53720000,1465700,1465700,1465500,1465500,1000,0
53724000,1465800,1465800,1465800,1465800,100,0
53736000,1466000,1466000,1466000,1466000,200,0
53737000,1466000,1466000,1466000,1466000,300,0
53738000,1466100,1466100,1466000,1466000,500,0
53739000,1466000,1466000,1466000,1466000,400,0
53741000,1466100,1466100,1466100,1466100,89,0
53764000,1465900,1465900,1465900,1465900,27,0
53768000,1465900,1465900,1465900,1465900,73,0
53770000,1466200,1466200,1466200,1466200,100,0
53783000,1465600,1465600,1465600,1465600,100,0
53800000,1465500,1465500,1465500,1465500,9,0
53803000,1464800,1464800,1464800,1464800,100,0
53806000,1465800,1465800,1465800,1465800,100,0
53842000,1465100,1465100,1465100,1465100,100,0
53868000,1465000,1465000,1465000,1465000,300,0
53926000,1464700,1464700,1464400,1464400,20,0
53949000,1465700,1465700,1465700,1465700,13,0
53973000,1465300,1465800,1465300,1465300,900,0
53975000,1465000,1465600,1465000,1465600,110,0
54000000,1465800,1465800,1465800,1465800,100,0
54014000,1465700,1465700,1465700,1465700,1,0
54016000,1465850,1465850,1465850,1465850,300,0
54018000,1466050,1466050,1466050,1466050,100,0
54040000,1466500,1466500,1466500,1466500,18,0
54052000,1466300,1466300,1466300,1466300,100,0
54054000,1466450,1466450,1466450,1466450,100,0
54055000,1466500,1466500,1466500,1466500,1,0
54056000,1466500,1466700,1466500,1466700,100,0
54074000,1466300,1466300,1466300,1466300,100,0
54089000,1466200,1466200,1466000,1466000,583,0
54091000,1466000,1466000,1466000,1466000,11,0
54163000,1466100,1466100,1465900,1465900,249,0
54182000,1466000,1466000,1465600,1465700,581,0
54183000,1465700,1465700,1465600,1465600,171,0
54246000,1466200,1466200,1466200,1466200,4,0
54279000,1465700,1465700,1465700,1465700,68,0
54293000,1465500,1465500,1465500,1465500,110,0
54295000,1465400,1465400,1465400,1465400,100,0
54335000,1465500,1465500,1465500,1465500,100,0
54347000,1465300,1465300,1465300,1465300,100,0
54348000,1465200,1465200,1465100,1465100,200,0
54397000,1465000,1465000,1465000,1465000,100,0
54428000,1464700,1464700,1464600,1464600,225,0
54430000,1464600,1464700,1464600,1464700,800,0
54480000,1465100,1465100,1465100,1465100,2,0
54535000,1465100,1465100,1465100,1465100,6,0
54552000,1465200,1465200,1465200,1465200,4,0
54578000,1464400,1464400,1464100,1464100,300,0
54590000,1464300,1464300,1464300,1464300,1,0
54601000,1464300,1464300,1464300,1464300,5,0
54624000,1463600,1463600,1463400,1463400,310,0
54637000,1463500,1463500,1463500,1463500,90,0
54640000,1464100,1464100,1464100,1464100,2,0
54726000,1463600,1463600,1463600,1463600,100,0
54727000,1463600,1463600,1463600,1463600,109,0
54739000,1464000,1464000,1464000,1464000,1,0
54758000,1463600,1463600,1463600,1463600,100,0
54772000,1463500,1463500,1463500,1463500,100,0
54792000,1464000,1464000,1464000,1464000,6,0
54853000,1463500,1463500,1463200,1463200,536,0
54857000,1463200,1463200,1463200,1463200,100,0
54879000,1463100,1463100,1462900,1463000,624,0
54908000,1463700,1463700,1463700,1463700,600,0
54930000,1464200,1464200,1464200,1464200,8,0
54939000,1463900,1463900,1463900,1463900,100,0
54940000,1464000,1464000,1464000,1464000,2,0
54947000,1464350,1464350,1464350,1464350,100,0
54958000,1463700,1463700,1463700,1463700,400,0
55018000,1463210,1463210,1463210,1463210,14,0
55020000,1462700,1462700,1462700,1462700,5,0
55038000,1463600,1463600,1463600,1463600,2,0
55070000,1462900,1462900,1462900,1462900,100,0
55087000,1463600,1463600,1463600,1463600,10,0
55120000,1462926,1462926,1462926,1462926,19,0
55126000,1463500,1463500,1463500,1463500,100,0
55180000,1463100,1463100,1463100,1463100,100,0
55196000,1463700,1463700,1463700,1463700,1,0
55207000,1463700,1463800,1463700,1463700,1279,0
55224000,1463700,1463700,1463700,1463700,103,0
55231000,1463700,1463700,1463700,1463700,300,0
55238000,1463800,1463800,1463800,1463800,100,0
55264000,1464200,1464200,1464200,1464200,41,0
55265000,1464200,1464200,1464200,1464200,100,0
55330000,1464100,1464100,1464100,1464100,100,0
55393000,1463983,1463983,1463983,1463983,8,0
55405000,1464000,1464000,1463700,1463750,1252,0
55407000,1463800,1463800,1463500,1463500,300,0
55412000,1463400,1463400,1463400,1463400,100,0
55413000,1463300,1463300,1463200,1463200,300,0
55436000,1463400,1463400,1463400,1463400,2,0
55442000,1463700,1463700,1463700,1463700,100,0
55443000,1463100,1463600,1463100,1463600,200,0
55451000,1463100,1463100,1463100,1463100,400,0
55469000,1463100,1463100,1463100,1463100,2,0
55476000,1463303,1463303,1463303,1463303,1,0
55478000,1463900,1464200,1463800,1463800,444,0
55481000,1463381,1463381,1463381,1463381,10,0
55484000,1463548,1463548,1463548,1463548,2,0
55493000,1464200,1464200,1464200,1464200,596,0
55494000,1464400,1464400,1464400,1464400,200,0
55499000,1463940,1463940,1463940,1463940,9,0
55511000,1464100,1464131,1463901,1464100,23,0
55521000,1464321,1464321,1464321,1464321,1,0
55522000,1464000,1464000,1464000,1464000,100,0
55545000,1464100,1464100,1464100,1464100,4,0
55547000,1464100,1464100,1464100,1464100,1,0
55602000,1464200,1464200,1464200,1464200,50,0
55616000,1464750,1464750,1464750,1464750,1200,0
55626000,1464975,1464975,1464975,1464975,54,0
55627000,1464493,1464493,1464493,1464493,3,0
55645000,1464493,1464493,1464493,1464493,52,0
55654000,1464481,1464481,1464481,1464481,1,0
55657000,1464300,1464300,1464300,1464300,25,0
55670000,1464700,1464700,1464600,1464600,402,0
55708000,1465000,1465000,1465000,1465000,100,0
55718000,1465200,1465200,1465200,1465200,100,0
55725000,1465200,1465200,1465000,1465000,3400,0
55731000,1464900,1464900,1464900,1464900,100,0
55738000,1465250,1465300,1465250,1465300,200,0
55752000,1465350,1465350,1465350,1465350,100,0
55778000,1465300,1465300,1465000,1465000,633,0
55779000,1465000,1465201,1464900,1465201,254,0
55794000,1465100,1465100,1465005,1465005,400,0
55801000,1465000,1465000,1464901,1464901,46,0
55809000,1464800,1464800,1464800,1464800,284,0
55810000,1464700,1464700,1464500,1464500,321,0
55813000,1464400,1464400,1464400,1464400,100,0
55817000,1464300,1464300,1464200,1464201,300,0
55847000,1465000,1465600,1465000,1465500,1466,0
55848000,1465500,1465500,1465500,1465500,100,0
55859000,1465600,1465700,1465600,1465600,851,0
55872000,1465200,1465200,1465200,1465200,61,0
55876000,1465300,1465300,1465300,1465300,100,0
55883000,1465100,1465100,1465100,1465100,100,0
55937000,1464700,1464700,1464700,1464700,100,0
55950000,1464400,1464400,1464400,1464400,60,0
55979000,1464500,1464500,1464500,1464500,19,0
56014000,1464500,1464500,1464500,1464500,123,0
56068000,1464800,1464800,1464800,1464800,300,0
56101000,1464700,1464700,1464700,1464700,100,0
56118000,1464800,1464800,1464800,1464800,49,0
56159000,1464900,1464900,1464900,1464900,100,0
56181000,1464500,1464500,1464500,1464500,100,0
56182000,1464500,1464500,1464500,1464500,200,0
56200000,1464400,1464700,1464400,1464700,601,0
56201000,1464800,1464800,1464800,1464800,100,0
56204000,1464200,1464200,1464200,1464200,100,0
56209000,1464500,1464500,1464500,1464500,100,0
56217000,1464250,1464250,1464250,1464250,100,0
56223000,1464250,1464250,1464250,1464250,100,0
56228000,1464300,1464300,1464300,1464300,100,0
56237000,1464400,1464400,1464300,1464300,228,0
56252000,1464500,1464500,1464500,1464500,36,0
56258000,1464400,1464400,1464400,1464400,100,0
56259000,1464400,1464400,1464400,1464400,100,0
56262000,1464350,1464350,1464350,1464350,200,0
56268000,1464400,1464400,1464400,1464400,100,0
56271000,1464500,1464500,1464450,1464500,1245,0
56277000,1464600,1464600,1464600,1464600,240,0
56293000,1464600,1464600,1464600,1464600,100,0
56302000,1464500,1464500,1464500,1464500,1,0
56305000,1464500,1464500,1464500,1464500,534,0
56308000,1464550,1464550,1464550,1464550,100,0
56345000,1464700,1464700,1464700,1464700,75,0
56384000,1464400,1464500,1464100,1464400,1077,0
56385000,1464200,1464200,1464200,1464200,100,0
56386000,1464250,1464250,1464250,1464250,100,0
56404000,1464200,1464200,1463000,1463200,1492,0
56418000,1463400,1463700,1463400,1463400,41,0
56419000,1463400,1463400,1463400,1463400,60,0
56422000,1463400,1463400,1463300,1463400,200,0
56423000,1463400,1463400,1463400,1463400,20,0
56424000,1463400,1463400,1463400,1463400,20,0
56425000,1463400,1463400,1463400,1463400,40,0
56426000,1463400,1463400,1463400,1463400,40,0
56427000,1463400,1463500,1463300,1463300,300,0
56428000,1463400,1463900,1463000,1463200,1080,0
56447000,1464200,1464200,1464200,1464200,200,0
56451000,1463100,1463100,1463100,1463100,46,0
56487000,1463100,1463100,1462700,1462700,336,0
56503000,1463200,1463200,1463200,1463200,200,0
56505000,1463500,1463500,1463500,1463500,2,0
56509000,1462900,1462900,1462900,1462900,100,0
56512000,1463000,1463000,1463000,1463000,200,0
56522000,1462900,1462900,1462900,1462900,14,0
56556000,1463300,1463300,1463300,1463300,3,0
56561000,1463300,1463300,1463300,1463300,1,0
56578000,1463300,1463300,1463300,1463300,1,0
56579000,1462700,1462700,1462700,1462700,1,0
56599000,1463200,1463200,1463200,1463200,55,0
56602000,1462700,1462700,1462300,1462300,640,0
56607000,1463100,1463100,1462600,1462600,131,0
56623000,1462400,1462400,1462400,1462400,100,0
56633000,1462670,1462670,1462400,1462400,20,0
56635000,1463000,1463000,1463000,1463000,1,0
56652000,1462400,1463000,1462300,1462900,851,0
56687000,1463000,1463000,1463000,1463000,100,0
56688000,1462900,1462900,1462700,1462700,102,0
56698000,1462800,1462800,1462700,1462700,100,0
56704000,1462500,1462500,1462500,1462500,100,0
56708000,1462300,1462300,1462300,1462300,100,0
56717000,1462300,1462400,1462300,1462300,106,0
56721000,1462900,1462900,1462900,1462900,100,0
56725000,1462300,1462300,1462300,1462300,1,0
56726000,1462300,1462300,1461900,1461900,335,0
56727000,1461900,1461900,1461900,1461900,2,0
56730000,1461900,1461900,1461800,1461800,200,0
56743000,1461500,1461500,1461400,1461400,156,0
56745000,1461400,1461400,1461400,1461400,1,0
56748000,1461400,1461400,1461400,1461400,2,0
56752000,1461300,1461300,1461300,1461300,100,0
56771000,1461900,1461900,1461800,1461800,301,0
56773000,1462000,1462000,1462000,1462000,2,0
56785000,1462199,1462199,1462199,1462199,1,0
56790000,1462200,1462400,1462200,1462400,715,0
56796000,1462600,1462600,1462600,1462600,100,0
56800000,1462900,1462900,1462900,1462900,200,0
56802000,1463200,1463200,1463000,1463200,383,0
56803000,1463000,1463000,1463000,1463000,100,0
56809000,1463000,1463200,1463000,1463000,1000,0
56810000,1463100,1463100,1463000,1463000,446,0
56813000,1462600,1462600,1462500,1462500,179,0
56816000,1462500,1462500,1462500,1462500,2,0
56830000,1462300,1462300,1462300,1462300,1,0
56882000,1462500,1462500,1462500,1462500,23,0
56899000,1462700,1462700,1462700,1462700,200,0
56908000,1462700,1462700,1462700,1462700,77,0
56928000,1462400,1462700,1462300,1462700,940,0
56945000,1462600,1462600,1462600,1462600,100,0
56969000,1462300,1462300,1462300,1462300,100,0
56982000,1462700,1462700,1462700,1462700,100,0
56983000,1462700,1462700,1462600,1462600,300,0
56985000,1462800,1462800,1462800,1462800,1,0
56986000,1462800,1462800,1462800,1462800,188,0
56989000,1462800,1463200,1462800,1463000,916,0
56998000,1463008,1463008,1463008,1463008,20,0
57000000,1462600,1462600,1462600,1462600,200,0
57001000,1462800,1462800,1462800,1462800,85,0
57034000,1462900,1462900,1462900,1462900,1,0
57045000,1462900,1463000,1462900,1463000,639,0
57052000,1463200,1463200,1463200,1463200,3,0
57057000,1462700,1462700,1462300,1462300,934,0
57064000,1462500,1462500,1462500,1462500,100,0
57066000,1462200,1462200,1461900,1461900,366,0
57069000,1461900,1461900,1461800,1461800,659,0
57085000,1461900,1461900,1461900,1461900,100,0
57096000,1462200,1462200,1462200,1462200,100,0
57115000,1461900,1461900,1461700,1461700,436,0
57117000,1462100,1462100,1462100,1462100,4,0
57122000,1462300,1462300,1462300,1462300,100,0
57149000,1461901,1461901,1461901,1461901,15,0
57176000,1462008,1462008,1462008,1462008,4,0
57205000,1461800,1461900,1461700,1461900,334,0
57217000,1461900,1461900,1461800,1461800,104,0
57218000,1461800,1461800,1461700,1461700,100,0
57221000,1462006,1462006,1462006,1462006,377,0
57234000,1462000,1462000,1462000,1462000,11,0
57259000,1461840,1461840,1461840,1461840,27,0
57262000,1462200,1462200,1461900,1461900,141,0
57268000,1462200,1462200,1462200,1462200,135,0
57269000,1462200,1462300,1462000,1462000,719,0
57292000,1462300,1462300,1462300,1462300,313,0
57301000,1462101,1462500,1462101,1462500,103,0
57303000,1462100,1462100,1461900,1462000,1247,0
57305000,1461900,1461900,1461900,1461900,9,0
57306000,1461900,1461999,1461800,1461999,290,0
57311000,1461700,1461700,1461700,1461700,1,0
57312000,1461600,1461600,1461600,1461600,700,0
57314000,1461500,1461500,1461500,1461500,101,0
57318000,1461300,1461300,1461300,1461300,300,0
57319000,1461100,1461399,1461100,1461300,319,0
57320000,1461400,1461400,1461400,1461400,100,0
57338000,1461300,1461300,1461300,1461300,100,0
57341000,1461400,1462000,1461400,1461700,904,0
57358000,1462100,1462100,1462100,1462100,69,0
57360000,1462200,1462200,1462100,1462100,243,0
57362000,1462400,1462400,1462400,1462400,90,0
57365000,1462400,1462400,1462100,1462100,862,0
57370000,1462700,1462700,1462700,1462700,300,0
57371000,1462600,1462600,1462600,1462600,50,0
57386000,1462300,1462500,1462300,1462500,300,0
57389000,1462599,1462599,1462599,1462599,1,0
57411000,1462600,1462700,1462600,1462700,117,0
57418000,1462700,1462700,1462700,1462700,100,0
57440000,1462600,1462600,1462600,1462600,100,0
57447000,1462700,1462700,1462700,1462700,1,0
57450000,1462400,1462400,1462400,1462400,73,0
57454000,1462500,1462600,1462500,1462600,174,0
57462000,1462500,1462500,1462500,1462500,100,0
57466000,1462200,1462200,1462200,1462200,102,0
57476000,1462500,1462500,1462400,1462400,434,0
57477000,1462500,1462500,1462500,1462500,146,0
57478000,1462500,1462500,1462500,1462500,289,0
57479000,1462400,1462400,1462400,1462400,51,0
57480000,1462600,1462600,1462600,1462600,100,0
57491000,1462300,1462300,1462300,1462300,100,0
57492000,1462300,1462300,1462300,1462300,308,0
57494000,1462000,1462000,1462000,1462000,59,0
57506000,1462000,1462000,1462000,1462000,100,0
57507000,1462200,1462500,1462200,1462400,521,0
57511000,1462600,1462600,1462600,1462600,200,0
57512000,1462600,1462600,1462600,1462600,6,0
57520000,1462900,1462900,1462500,1462500,115,0
57523000,1462800,1462800,1462800,1462800,115,0
57524000,1462600,1462600,1462600,1462600,85,0
57525000,1462700,1462700,1462700,1462700,100,0
57529000,1462800,1462800,1462700,1462800,200,0
57530000,1463000,1463000,1462900,1463000,115,0
57535000,1463000,1463000,1463000,1463000,39,0
57536000,1463000,1463000,1463000,1463000,517,0
57537000,1463000,1463000,1463000,1463000,669,0
57540000,1463000,1463000,1463000,1463000,1265,0
57541000,1463000,1463000,1462800,1462800,1018,0
57544000,1462900,1463000,1462800,1463000,889,0
57545000,1463000,1463000,1463000,1463000,143,0
57548000,1463000,1463000,1463000,1463000,15,0
57549000,1462700,1462700,1462700,1462700,100,0
57550000,1462900,1462900,1462900,1462900,25,0
57552000,1463000,1463000,1463000,1463000,134,0
57554000,1463000,1463000,1462700,1463000,215,0
57555000,1463000,1463000,1463000,1463000,31,0
57558000,1462700,1462700,1462700,1462700,100,0
57559000,1463000,1463000,1463000,1463000,40,0
57560000,1463000,1463000,1463000,1463000,43,0
57561000,1462700,1462700,1462700,1462700,1,0
57562000,1463000,1463000,1463000,1463000,58,0
57563000,1462700,1462700,1462700,1462700,100,0
57566000,1463000,1463000,1463000,1463000,195,0
57568000,1462700,1462700,1462700,1462700,100,0
57570000,1463000,1463000,1462900,1463000,438,0
57572000,1463000,1463000,1463000,1463000,17,0
57573000,1462900,1463000,1462700,1462700,1035,0
57574000,1462600,1462600,1462600,1462600,10,0
57577000,1463000,1463000,1463000,1463000,100,0
57583000,1462600,1462700,1462600,1462700,426,0
57584000,1462900,1462900,1462900,1462900,9,0
57585000,1462700,1462700,1462700,1462700,100,0
57586000,1462800,1462800,1462800,1462800,3,0
57587000,1462900,1463000,1462900,1463000,995,0
57588000,1463000,1463000,1462800,1463000,806,0
57589000,1463000,1463000,1463000,1463000,309,0
57590000,1463000,1463000,1462800,1463000,340,0
57592000,1463000,1463000,1463000,1463000,554,0
57595000,1463000,1463000,1463000,1463000,85,0
57596000,1463000,1463000,1463000,1463000,300,0
57597000,1462900,1462900,1462900,1462900,400,0
57599000,1462700,1462700,1462700,1462700,42,0
57600000,1462900,1462900,1462800,1462800,62436,0
57606000,1462800,1462800,1462800,1462800,335,0
57900000,1464650,1464650,1464650,1464650,36,0
58337000,1462800,1462800,1462800,1462800,82,0
58458000,1462800,1462800,1462800,1462800,484,0
58557000,1462800,1462800,1462800,1462800,216,0
59820000,1466400,1466400,1466400,1466400,36,0
60642000,1462600,1462600,1462600,1462600,26,0
61061000,1462976,1462976,1462976,1462976,408,0
71766000,1470500,1470500,1470500,1470500,1,0
