32675000,414800,414800,414800,414800,3000,0
33055000,414800,414800,414800,414800,5400,0
34200000,414300,414300,414300,414300,2424,0
34202000,414200,414200,413500,413500,168,0
34203000,415200,415200,415200,415200,7,0
34204000,415020,415020,415020,415020,1,0
34274000,414840,414840,414840,414840,62,0
34308000,414100,414100,414100,414100,100,0
34311000,414200,414200,413300,413300,772,0
34394000,414600,414600,414600,414600,24,0
34545000,413100,413100,413100,413100,807,0
34546000,413200,413200,413200,413200,100,0
34548000,413400,414200,413400,414200,122,0
34551000,413400,414200,413400,414200,200,0
34554000,413700,413700,413700,413700,500,0
34557000,413700,413700,413700,413700,100,0
34559000,413700,413700,413700,413700,992,0
34560000,413700,413700,413700,413700,51,0
34561000,413700,414000,413700,414000,100,0
34590000,412900,412900,412900,412900,48,0
34595000,413700,413700,413700,413700,300,0
34606000,413800,413800,413800,413800,200,0
34608000,413700,413700,413700,413700,100,0
34627000,413700,413700,413700,413700,100,0
34652000,414100,414300,414100,414300,200,0
34667000,414600,414600,414600,414600,100,0
34674000,415000,415100,415000,415100,379,0
34686000,414600,414600,414600,414600,18,0
34687000,414600,414600,414600,414600,200,0
34694000,414300,414900,414300,414900,700,0
34695000,414900,414900,414900,414900,100,0
34700000,415400,415400,415400,415400,500,0
34703000,415400,415400,415400,415400,100,0
34704000,415600,415600,415600,415600,801,0
34707000,417100,417100,417000,417000,200,0
34710000,417100,417400,417100,417400,800,0
34718000,417300,417300,417200,417200,400,0
34730000,417300,417300,417300,417300,100,0
34733000,417300,417300,417200,417200,348,0
34776000,417100,417100,417100,417100,301,0
34844000,417650,417650,417300,417300,200,0
34851000,417650,417650,417650,417650,100,0
34853000,417200,417200,417200,417200,500,0
34865000,417200,417200,417200,417200,100,0
34866000,416400,416400,416400,416400,8,0
34877000,417900,417900,417900,417900,1,0
34896000,417000,417400,417000,417400,500,0
34900000,417450,417450,417450,417450,200,0
34902000,417450,417450,417450,417450,100,0
34914000,417400,417400,417400,417400,100,0
34922000,417597,417597,417597,417597,7,0
34935000,417500,417600,417500,417600,800,0
34938000,417500,417650,417500,417650,800,0
34939000,417500,417500,417500,417500,850,0
34942000,417400,417400,417400,417400,100,0
34951000,417200,417200,417200,417200,100,0
34964000,417350,417350,417350,417350,100,0
34966000,417100,417350,417100,417100,1300,0
34967000,417300,417300,417300,417300,200,0
34968000,417300,417300,417100,417300,700,0
34977000,417300,417300,417200,417200,300,0
35012000,417200,417200,417200,417200,400,0
35019000,416300,416300,416300,416300,100,0
35039000,416800,416900,416800,416900,400,0
35041000,416900,416900,416900,416900,400,0
35042000,416900,416900,416900,416900,310,0
35044000,417000,417000,417000,417000,20,0
35047000,416900,416900,416900,416900,300,0
35048000,417000,417000,417000,417000,600,0
35055000,417000,417000,417000,417000,300,0
35056000,417000,417000,417000,417000,100,0
35060000,417000,417000,417000,417000,100,0
35062000,417000,417000,417000,417000,48,0
35063000,417000,417000,417000,417000,100,0
35064000,417000,417000,417000,417000,100,0
35072000,417000,417000,417000,417000,100,0
35073000,417000,417000,417000,417000,200,0
35075000,417000,417000,417000,417000,100,0
35077000,417000,417000,417000,417000,100,0
35079000,417000,417000,417000,417000,42,0
35109000,416100,416100,416100,416100,100,0
35140000,416300,416300,416300,416300,200,0
35167000,415700,415700,415700,415700,100,0
35178000,416500,416600,416500,416600,451,0
35195000,415900,415900,415900,415900,53,0
35201000,416100,416800,416100,416800,1100,0
35203000,416300,416300,416300,416300,100,0
35261000,416700,417400,416700,417400,600,0
35265000,416800,416800,416800,416800,100,0
35300000,417200,417300,417200,417300,200,0
35312000,417000,417600,416700,417600,742,0
35317000,416900,417250,416900,416900,600,0
35323000,417050,417050,417050,417050,300,0
35344000,417400,417600,417400,417400,401,0
35345000,417800,417900,417800,417900,400,0
35346000,418700,418700,418700,418700,200,0
35355000,417900,417900,417600,417700,1892,0
35356000,417700,417700,417700,417700,88,0
35376000,417650,417650,417500,417500,412,0
35379000,417500,417500,417500,417500,503,0
35385000,417400,417400,417400,417400,300,0
35388000,417450,417450,417450,417450,400,0
35390000,417450,417450,417450,417450,100,0
35392000,417500,418200,417400,418200,1033,0
35408000,417950,417950,417800,417800,900,0
35419000,417900,417900,417900,417900,100,0
35420000,417900,417900,417900,417900,100,0
35446000,417850,417850,417850,417850,100,0
35476000,417850,417850,417850,417850,100,0
35493000,417850,417850,417850,417850,100,0
35506000,418000,418400,418000,418400,750,0
35511000,418600,418600,418600,418600,100,0
35519000,419050,419050,419050,419050,100,0
35524000,418900,419050,418850,418850,309,0
35533000,418800,418800,418800,418800,2,0
35543000,419300,419300,419300,419300,100,0
35549000,419300,419300,419300,419300,100,0
35566000,419000,419300,418800,418800,1500,0
35567000,418900,418900,418900,418900,100,0
35568000,418150,418150,418150,418150,100,0
35579000,418250,418250,418250,418250,906,0
35583000,418005,418005,418005,418005,806,0
35601000,418250,418250,418250,418250,100,0
35621000,417901,418250,417901,418250,108,0
35625000,418005,418005,418005,418005,100,0
35630000,417960,417960,417960,417960,612,0
35635000,418100,418300,418000,418300,400,0
35648000,418200,418200,418200,418200,100,0
35665000,418300,418300,418000,418100,1000,0
35698000,417700,417700,417700,417700,100,0
35705000,417700,417700,417700,417700,100,0
35718000,417800,417800,417800,417800,900,0
35725000,417800,418000,417800,417800,1600,0
35744000,418000,418000,418000,418000,100,0
35746000,418100,418100,418100,418100,200,0
35758000,418500,418500,418500,418500,100,0
35774000,418900,418900,418900,418900,100,0
35780000,419200,419200,418900,418900,800,0
35819000,418750,418750,418750,418750,100,0
35833000,418900,418900,418900,418900,100,0
35843000,418900,418900,418900,418900,100,0
35844000,419000,419000,419000,419000,500,0
35854000,419000,419300,419000,419300,1000,0
35867000,419500,419500,419500,419500,100,0
35868000,419600,419600,419600,419600,11,0
35878000,419400,419450,419400,419450,130,0
35880000,419400,419400,419300,419300,400,0
35881000,419350,419350,419200,419200,200,0
35887000,419100,419100,419000,419000,500,0
35889000,418600,418850,418600,418850,223,0
35892000,418900,418900,418900,418900,200,0
35913000,418800,418800,418800,418800,100,0
35916000,418100,418800,418100,418800,7,0
35948000,418400,418400,418400,418400,100,0
35967000,418463,418463,418463,418463,11,0
35976000,418100,418500,418100,418500,496,0
35988000,416950,416950,416950,416950,100,0
35990000,417000,417000,417000,417000,100,0
36001000,417700,417700,417700,417700,2,0
36051000,417250,417250,417250,417250,100,0
36091000,417300,417300,417300,417300,100,0
36101000,417000,417000,416900,416900,100,0
36117000,417100,417100,417100,417100,100,0
36140000,417300,417400,417300,417300,845,0
36141000,417500,417500,417500,417500,100,0
36143000,417600,417600,417600,417600,296,0
36160000,417700,417700,417700,417700,100,0
36168000,417700,418000,417700,418000,791,0
36169000,418000,418000,418000,418000,100,0
36170000,418000,418000,417800,417800,496,0
36177000,418200,418200,418200,418200,100,0
36187000,417800,417950,417800,417950,200,0
36207000,418000,418000,418000,418000,400,0
36230000,418000,418100,417800,418000,2168,0
36276000,417800,417800,417800,417800,250,0
36278000,417700,417850,417600,417850,2226,0
36281000,417800,417800,417800,417800,95,0
36282000,417900,417900,417900,417900,50,0
36283000,418000,418000,418000,418000,100,0
36285000,418000,418000,418000,418000,100,0
36286000,417950,418000,417900,417950,2010,0
36287000,417950,418000,417950,418000,700,0
36288000,418000,418000,417900,417900,445,0
36293000,418100,418200,418100,418100,1500,0
36298000,418150,418200,418150,418200,300,0
36300000,418300,418300,418300,418300,349,0
36308000,418300,418400,418300,418400,200,0
36315000,418300,418300,418300,418300,100,0
36321000,418400,418400,418400,418400,500,0
36327000,418330,418600,418330,418450,7300,0
36329000,418500,418500,418500,418500,1000,0
36332000,418500,418500,418500,418500,100,0
36333000,418500,418500,418500,418500,100,0
36336000,418500,418500,418500,418500,99,0
36354000,418400,418400,418400,418400,100,0
36373000,418500,418800,418500,418800,801,0
36378000,418800,418800,418800,418800,300,0
36379000,418800,418800,418800,418800,152,0
36386000,418800,418800,418800,418800,200,0
36403000,419000,419000,419000,419000,100,0
36420000,419258,419258,419258,419258,200,0
36445000,419100,419100,419000,419000,600,0
36453000,419100,419100,419100,419100,100,0
36487000,419100,419100,419100,419100,100,0
36500000,419200,419200,419200,419200,200,0
36501000,419100,419100,419000,419000,1550,0
36516000,418500,418500,418500,418500,100,0
36521000,418500,418500,418500,418500,100,0
36526000,418800,418800,418800,418800,8,0
36550000,418450,418450,418450,418450,100,0
36551000,418400,418400,418300,418400,1100,0
36564000,418500,418500,418400,418400,500,0
36565000,418200,418200,417850,417850,200,0
36573000,418000,418000,418000,418000,100,0
36574000,418000,418000,418000,418000,100,0
36603000,418000,418000,418000,418000,200,0
36609000,418200,418200,418200,418200,500,0
36625000,418400,418400,418400,418400,100,0
36626000,418400,418400,418350,418350,200,0
36648000,418600,418600,418600,418600,300,0
36654000,418800,418800,418800,418800,100,0
36659000,418538,418538,418538,418538,9,0
36665000,418900,418900,418800,418900,300,0
36669000,419050,419050,419050,419050,4,0
36710000,419100,419100,419100,419100,100,0
36715000,418850,418850,418850,418850,100,0
36720000,418900,418900,418900,418900,100,0
36740000,419000,419100,419000,419100,200,0
36747000,419100,419100,419100,419100,200,0
36748000,418950,418950,418950,418950,300,0
36757000,418900,418900,418900,418900,200,0
36759000,419000,419000,419000,419000,33,0
36760000,418950,418950,418800,418950,1625,0
36762000,419000,419050,419000,419000,500,0
36765000,419000,419000,419000,419000,100,0
36776000,419000,419000,419000,419000,100,0
36784000,419000,419000,419000,419000,100,0
36787000,419000,419000,419000,419000,100,0
36794000,418900,418900,418900,418900,3,0
36795000,419000,419000,419000,419000,100,0
36802000,418900,419000,418900,418900,225,0
36810000,419000,419000,419000,419000,100,0
36820000,418800,418800,418800,418800,100,0
36839000,418900,418900,418900,418900,900,0
36841000,418850,418850,418850,418850,200,0
36853000,418750,418750,418750,418750,100,0
36866000,418800,418800,418800,418800,400,0
36884000,418700,418700,418600,418600,400,0
36885000,418600,418700,418600,418600,1424,0
36888000,418700,418700,418700,418700,100,0
36903000,418750,418750,418750,418750,400,0
36905000,418700,418750,418700,418750,1200,0
36908000,418700,418750,418700,418750,200,0
36912000,418800,418850,418800,418850,1600,0
36913000,418800,418850,418800,418800,1600,0
36917000,418800,418800,418800,418800,100,0
36935000,418850,418850,418850,418850,200,0
36936000,418850,418850,418800,418850,600,0
36939000,418800,418800,418800,418800,100,0
36951000,418800,418800,418800,418800,100,0
36960000,418700,418800,418700,418800,1400,0
36966000,418800,418800,418800,418800,4,0
36980000,418750,418750,418750,418750,100,0
36983000,418800,418900,418800,418800,1200,0
36984000,418800,418800,418800,418800,300,0
37022000,418850,418850,418800,418800,1000,0
37024000,418800,418850,418800,418800,300,0
37027000,418750,418750,418750,418750,100,0
37035000,418750,418750,418750,418750,100,0
37037000,418750,418750,418750,418750,400,0
37060000,418750,418750,418750,418750,100,0
37073000,418700,418750,418600,418700,2150,0
37074000,418700,418700,418700,418700,200,0
37088000,418600,418600,418600,418600,150,0
37091000,418500,418550,418500,418550,300,0
37101000,418500,418500,418500,418500,19,0
37103000,418450,418450,418400,418400,200,0
37107000,418400,418450,418400,418400,900,0
37113000,418100,418100,418000,418000,300,0
37153000,418100,418400,418100,418400,1783,0
37156000,418200,418200,418200,418200,200,0
37158000,418200,418400,418200,418300,1300,0
37160000,418250,418250,418250,418250,100,0
37169000,418100,418100,418100,418100,200,0
37175000,418000,418000,418000,418000,100,0
37194000,418100,418100,418100,418100,100,0
37230000,417900,417900,417900,417900,100,0
37239000,417800,417800,417800,417800,701,0
37242000,417700,417800,417700,417700,501,0
37268000,417800,417850,417800,417800,500,0
37277000,417900,418000,417900,417900,828,0
37286000,418000,418050,418000,418050,700,0
37297000,418000,418050,418000,418050,700,0
37299000,418000,418050,418000,418050,600,0
37300000,417900,417900,417900,417900,100,0
37356000,417700,417700,417700,417700,100,0
37362000,417500,417900,417500,417900,800,0
37368000,418000,418000,418000,418000,463,0
37378000,418100,418100,418100,418100,900,0
37382000,418100,418100,418000,418000,200,0
37393000,418000,418050,417900,417900,2310,0
37398000,417800,417800,417700,417700,400,0
37401000,417600,417600,417600,417600,100,0
37420000,417100,417400,417100,417400,200,0
37435000,417400,417400,417400,417400,100,0
37441000,417400,417400,417400,417400,100,0
37444000,417400,417400,417400,417400,100,0
37461000,417400,417400,417300,417350,400,0
37463000,417400,417400,417400,417400,500,0
37464000,417400,417500,417400,417400,400,0
37470000,417400,417500,417400,417400,330,0
37477000,417300,417400,417300,417300,400,0
37535000,416505,416505,416505,416505,2,0
37539000,416400,416400,416400,416400,200,0
37542000,416500,416550,416500,416500,800,0
37546000,416600,416600,416600,416600,225,0
37548000,416500,416600,416500,416550,687,0
37552000,416500,416550,416500,416550,513,0
37554000,416500,416550,416500,416550,400,0
37557000,416550,416550,416550,416550,200,0
37566000,416500,416550,416500,416550,300,0
37567000,416600,416900,416600,416900,1100,0
37569000,416900,416900,416900,416900,200,0
37571000,416750,416750,416750,416750,300,0
37606000,416501,416501,416501,416501,3,0
37614000,416800,416800,416719,416719,106,0
37624000,416800,416800,416800,416800,300,0
37630000,417200,417200,417200,417200,200,0
37690000,417100,417100,417100,417100,12,0
37691000,416900,417000,416900,416900,600,0
37716000,417000,417050,417000,417000,937,0
37722000,417100,417100,417100,417100,100,0
37723000,417100,417200,417100,417200,700,0
37743000,417200,417200,417200,417200,200,0
37750000,417200,417300,417200,417300,300,0
37760000,417500,417500,417500,417500,152,0
37765000,417400,417400,417400,417400,563,0
37766000,417400,417400,417400,417400,100,0
37786000,417399,417399,417399,417399,2,0
37787000,417200,417300,417200,417300,200,0
37789000,417300,417350,417200,417200,400,0
37793000,417400,417400,417400,417400,763,0
37802000,417400,417450,417400,417450,1700,0
37828000,417300,417300,417000,417000,200,0
37864000,416700,416800,416700,416800,800,0
37867000,416800,416800,416800,416800,400,0
37876000,416800,416850,416800,416850,300,0
37882000,416800,416850,416800,416850,435,0
37884000,416800,416850,416800,416800,500,0
37885000,416800,416800,416700,416800,300,0
37887000,416800,417100,416800,417000,1306,0
37888000,416775,417200,416775,417200,1000,0
37892000,417200,417200,417200,417200,400,0
37893000,417200,417200,417200,417200,500,0
37899000,417400,417400,417400,417400,700,0
37908000,417400,417450,417400,417400,700,0
37909000,417400,417400,417400,417400,100,0
37913000,417500,417500,417500,417500,600,0
37927000,417600,417600,417600,417600,600,0
37932000,417500,417550,417500,417550,1100,0
37938000,417500,417550,417500,417550,200,0
37943000,417500,417550,417500,417550,800,0
37945000,417500,417500,417500,417500,46,0
37964000,417500,417500,417400,417400,752,0
37965000,417400,417450,417400,417450,348,0
37968000,417452,417452,417452,417452,100,0
37969000,417400,417450,417400,417400,1000,0
37970000,417400,417400,417400,417400,100,0
37973000,417400,417400,417400,417400,200,0
37974000,417300,417400,417300,417400,200,0
37982000,417500,417700,417500,417500,1600,0
38000000,417600,417600,417600,417600,100,0
38007000,417500,417500,417500,417500,500,0
38022000,417400,417400,417400,417400,100,0
38031000,417450,417450,417450,417450,100,0
38034000,417500,417600,417500,417600,656,0
38036000,417600,417600,417600,417600,400,0
38057000,417600,417600,417600,417600,100,0
38060000,417600,417600,417600,417600,100,0
38062000,417600,417600,417600,417600,344,0
38068000,418000,418000,418000,418000,300,0
38071000,417700,417700,417700,417700,117,0
38099000,417800,417800,417800,417800,100,0
38102000,417400,417400,417300,417300,200,0
38105000,417400,417400,417400,417400,317,0
38122000,417500,417500,417500,417500,100,0
38125000,417400,417450,417200,417250,600,0
38143000,417300,417400,417300,417350,1000,0
38144000,417300,417300,417300,417300,300,0
38165000,417000,417000,417000,417000,186,0
38182000,416800,416800,416700,416700,104,0
38186000,417000,417000,416900,416900,500,0
38193000,417200,417300,417200,417300,600,0
38194000,417300,417300,417300,417300,100,0
38202000,417500,417500,417500,417500,400,0
38205000,417500,417500,417500,417500,200,0
38214000,417800,417800,417800,417800,100,0
38215000,417900,417900,417900,417900,26,0
38224000,417700,417700,417700,417700,200,0
38246000,417600,417600,417600,417600,100,0
38271000,417500,417500,417400,417500,400,0
38285000,417400,417400,417400,417400,100,0
38298000,417400,417400,417400,417400,300,0
38308000,417400,417400,417400,417400,51,0
38325000,417300,417300,417200,417300,500,0
38340000,416800,416800,416800,416800,100,0
38354000,416600,416600,416600,416600,100,0
38372000,415800,415800,415800,415800,100,0
38375000,416300,416300,416300,416300,200,0
38380000,416200,416200,416200,416200,100,0
38391000,416100,416400,416100,416400,1300,0
38398000,416400,416600,416400,416600,425,0
38401000,416600,416600,416600,416600,600,0
38416000,416500,416500,416500,416500,400,0
38520000,416100,416100,416100,416100,100,0
38543000,416600,416600,416600,416600,200,0
38553000,416600,416600,416600,416600,100,0
38581000,416600,416600,416600,416600,200,0
38598000,416500,416500,416500,416500,200,0
38612000,416500,416500,416500,416500,400,0
38637000,416500,416500,416500,416500,100,0
38657000,416400,416400,416400,416400,18,0
38662000,416500,416500,416500,416500,600,0
38663000,416700,416700,416700,416700,200,0
38686000,416700,416700,416700,416700,200,0
38690000,416400,416400,416400,416400,29,0
38709000,416300,416300,416300,416300,100,0
38729000,416100,416100,416100,416100,379,0
38750000,416100,416100,416100,416100,100,0
38752000,416200,416200,416200,416200,978,0
38756000,416400,416400,416400,416400,400,0
38768000,416200,416200,416200,416200,334,0
38770000,416100,416100,416100,416100,400,0
38772000,416200,416200,416200,416200,300,0
38782000,416400,416400,416400,416400,100,0
38792000,416600,416600,416600,416600,200,0
38793000,416600,416600,416600,416600,100,0
38812000,416600,416600,416600,416600,100,0
38851000,416400,416400,416400,416400,5,0
38868000,416575,416600,416575,416600,200,0
38888000,416700,416800,416700,416800,1017,0
38895000,416900,416900,416900,416900,400,0
38905000,417000,417000,417000,417000,75,0
38907000,417200,417200,417200,417200,100,0
38914000,417100,417100,417100,417100,588,0
38919000,417200,417200,417200,417200,12,0
38921000,417200,417200,417200,417200,100,0
38947000,417200,417200,417200,417200,100,0
38953000,417100,417100,417000,417000,487,0
38968000,417200,417200,417200,417200,200,0
38982000,417200,417200,417200,417200,200,0
38983000,417200,417200,417200,417200,200,0
38991000,417400,417400,417400,417400,50,0
38993000,417300,417300,417300,417300,300,0
38996000,417300,417300,417300,417300,100,0
39039000,417200,417200,417000,417000,413,0
39074000,417100,417100,417100,417100,100,0
39087000,417100,417100,417100,417100,3,0
39102000,417100,417100,417100,417100,497,0
39107000,417300,417300,417300,417300,200,0
39115000,417400,417400,417400,417400,200,0
39144000,417400,417400,417400,417400,100,0
39176000,417300,417300,417300,417300,100,0
39180000,417200,417200,417200,417200,400,0
39190000,417200,417200,417200,417200,175,0
39202000,417300,417300,417300,417300,450,0
39209000,417400,417400,417400,417400,50,0
39213000,417500,417500,417500,417500,50,0
39215000,417500,417500,417500,417500,200,0
39216000,417500,417500,417500,417500,100,0
39225000,417500,417500,417500,417500,100,0
39240000,417400,417400,417200,417200,600,0
39241000,417500,417500,417000,417000,316,0
39275000,417300,417300,417300,417300,200,0
39308000,417300,417300,417300,417300,100,0
39309000,417200,417200,417200,417200,400,0
39337000,417300,417300,417300,417300,100,0
39387000,416500,416500,416500,416500,100,0
39391000,416900,416900,416900,416900,100,0
39406000,417200,417200,417200,417200,100,0
39412000,417300,417400,417300,417400,800,0
39417000,417500,417600,417500,417600,187,0
39418000,417500,417500,417500,417500,300,0
39435000,417700,417700,417700,417700,300,0
39436000,417700,417700,417700,417700,79,0
39443000,417700,417700,417700,417700,100,0
39447000,417600,417600,417600,417600,100,0
39449000,417600,417600,417600,417600,300,0
39455000,417500,417500,417500,417500,100,0
39462000,417500,417500,417500,417500,100,0
39533000,416900,416900,416900,416900,100,0
39536000,416900,416900,416900,416900,100,0
39537000,416501,416501,416501,416501,5,0
39550000,416500,416500,416500,416500,100,0
39603000,416500,416500,416500,416500,200,0
39624000,416100,416100,416100,416100,200,0
39630000,416100,416100,416100,416100,200,0
39667000,415800,415800,415800,415800,200,0
39692000,415400,415400,415400,415400,100,0
39709000,415100,415100,415100,415100,100,0
39713000,415200,415200,415200,415200,1200,0
39726000,415200,415200,415200,415200,400,0
39737000,415300,415300,415300,415300,100,0
39742000,415400,415400,415400,415400,200,0
39752000,415400,415400,415400,415400,578,0
39753000,415400,415400,415400,415400,425,0
39761000,415600,415600,415600,415600,100,0
39762000,415700,415700,415700,415700,400,0
39771000,415600,415600,415600,415600,47,0
39772000,415700,415700,415700,415700,100,0
39782000,415700,415700,415700,415700,400,0
39800000,415800,415800,415800,415800,100,0
39880000,415700,415700,415700,415700,100,0
39909000,415700,415700,415500,415600,625,0
39917000,415300,415300,415300,415300,100,0
39940000,415100,415100,415100,415100,200,0
39961000,415500,415500,415500,415500,100,0
39967000,415400,415400,415400,415400,200,0
39979000,415500,415500,415500,415500,100,0
39985000,415500,415600,415500,415600,300,0
39996000,415800,415800,415800,415800,200,0
40036000,415800,415800,415800,415800,100,0
40037000,415800,415800,415800,415800,100,0
40038000,415800,415900,415800,415800,575,0
40046000,415900,415900,415900,415900,150,0
40047000,416000,416000,416000,416000,150,0
40060000,416010,416010,416010,416010,46,0
40069000,416000,416100,416000,416100,500,0
40082000,416000,416000,416000,416000,100,0
40102000,416000,416000,416000,416000,100,0
40138000,416020,416020,416020,416020,7,0
40169000,416000,416000,416000,416000,400,0
40184000,416000,416000,416000,416000,100,0
40185000,416000,416000,416000,416000,500,0
40193000,416100,416100,416100,416100,200,0
40198000,416100,416100,416100,416100,100,0
40199000,416200,416200,416200,416200,300,0
40214000,416100,416100,416100,416100,428,0
40229000,416200,416200,416200,416200,50,0
40239000,416100,416100,416100,416100,100,0
40243000,416200,416200,416200,416200,200,0
40254000,416300,416300,416300,416300,200,0
40282000,416400,416400,416400,416400,300,0
40287000,416600,416600,416600,416600,9,0
40305000,416600,416600,416600,416600,8,0
40307000,416800,416800,416800,416800,100,0
40310000,416800,416800,416800,416800,92,0
40312000,416800,416800,416800,416800,108,0
40315000,416900,416900,416900,416900,100,0
40320000,416800,416800,416700,416800,500,0
40339000,416800,416800,416800,416800,200,0
40373000,417100,417100,417100,417100,100,0
40423000,416800,416800,416800,416800,400,0
40450000,416600,416600,416600,416600,100,0
40465000,416600,416600,416600,416600,100,0
40485000,416400,416400,416400,416400,100,0
40500000,416399,416399,416399,416399,2,0
40509000,416399,416399,416001,416001,38,0
40513000,416000,416000,416000,416000,200,0
40565000,416000,416000,416000,416000,300,0
40576000,415700,415700,415700,415700,200,0
40583000,416000,416000,416000,416000,300,0
40590000,416000,416000,416000,416000,200,0
40592000,416100,416100,416100,416100,734,0
40602000,416300,416400,416300,416300,400,0
40603000,416400,416400,416400,416400,100,0
40607000,416400,416600,416400,416600,400,0
40612000,416600,416600,416600,416600,200,0
40617000,416800,416800,416800,416800,500,0
40625000,416800,416800,416800,416800,100,0
40635000,416800,416800,416800,416800,100,0
40640000,416900,416900,416900,416900,300,0
40666000,417100,417100,417100,417100,100,0
40706000,417100,417200,417100,417100,524,0
40710000,417200,417200,417200,417200,76,0
40712000,417500,417500,417500,417500,200,0
40722000,417600,417600,417500,417500,400,0
40732000,417600,417600,417600,417600,100,0
40778000,417200,417400,417200,417200,426,0
40780000,417440,417440,417440,417440,29,0
40792000,417400,417400,417400,417400,200,0
40798000,417500,417500,417300,417300,2,0
40806000,417500,417500,417500,417500,426,0
40835000,417500,417500,417500,417500,100,0
40839000,417500,417500,417500,417500,100,0
40841000,417600,417600,417600,417600,100,0
40842000,417300,417300,417300,417300,100,0
40853000,417500,417500,417500,417500,100,0
40857000,417400,417400,417300,417300,200,0
40866000,417100,417100,417100,417100,100,0
40869000,416900,416900,416900,416900,200,0
40891000,416900,416900,416900,416900,100,0
40933000,416700,416850,416700,416700,525,0
40947000,416800,416900,416800,416800,1850,0
40955000,416900,416900,416900,416900,625,0
40973000,417000,417000,417000,417000,100,0
40974000,416900,416900,416900,416900,8,0
40979000,417000,417000,417000,417000,100,0
40981000,417000,417000,417000,417000,200,0
41004000,416900,416900,416900,416900,700,0
41006000,416800,416800,416800,416800,100,0
41035000,417000,417000,417000,417000,200,0
41036000,417000,417000,417000,417000,400,0
41056000,417300,417400,417300,417300,600,0
41057000,417300,417300,417300,417300,300,0
41061000,417300,417300,417300,417300,100,0
41084000,417300,417300,417300,417300,100,0
41113000,417200,417200,417200,417200,100,0
41114000,417300,417300,417200,417200,300,0
41116000,417300,417300,417300,417300,275,0
41127000,417300,417300,417300,417300,25,0
41135000,417300,417300,417300,417300,175,0
41136000,417300,417400,417300,417400,150,0
41153000,417400,417400,417400,417400,100,0
41217000,417200,417200,417100,417100,300,0
41218000,417100,417100,417100,417100,100,0
41242000,417200,417200,417200,417200,200,0
41248000,417300,417300,417300,417300,200,0
41268000,417300,417300,417300,417300,100,0
41277000,417100,417100,417100,417100,100,0
41278000,417000,417000,417000,417000,100,0
41356000,416500,416500,416500,416500,325,0
41364000,416500,416500,416500,416500,675,0
41383000,416700,416700,416700,416700,300,0
41387000,416900,416900,416900,416900,300,0
41399000,416800,416800,416800,416800,100,0
41418000,417000,417000,417000,417000,100,0
41421000,416900,416900,416900,416900,200,0
41449000,417000,417000,417000,417000,100,0
41468000,416900,416900,416900,416900,100,0
41469000,416900,416900,416900,416900,100,0
41492000,416900,416900,416900,416900,300,0
41500000,417000,417000,417000,417000,200,0
41516000,416900,416900,416900,416900,100,0
41527000,416500,416500,416500,416500,200,0
41554000,416700,416700,416700,416700,100,0
41576000,416500,416500,416500,416500,100,0
41596000,416600,416600,416600,416600,100,0
41618000,416500,416600,416500,416600,200,0
41628000,416200,416200,416200,416200,100,0
41646000,416200,416200,416200,416200,500,0
41648000,416390,416400,416390,416400,500,0
41668000,416600,416600,416600,416600,100,0
41680000,416600,416600,416600,416600,100,0
41681000,416600,416600,416600,416600,500,0
41682000,416600,416600,416600,416600,100,0
41685000,416600,416600,416600,416600,500,0
41702000,416600,416600,416600,416600,100,0
41714000,416700,416700,416700,416700,100,0
41743000,416700,416700,416700,416700,100,0
41779000,416400,416400,416400,416400,5,0
41786000,416700,416700,416700,416700,2500,0
41788000,416700,416800,416700,416700,450,0
41808000,416900,416900,416900,416900,300,0
41816000,417000,417000,417000,417000,600,0
41817000,417000,417000,417000,417000,100,0
41837000,417100,417100,417000,417000,300,0
41839000,417100,417100,417100,417100,200,0
41850000,417000,417000,417000,417000,200,0
41918000,416800,416800,416800,416800,13,0
41923000,416700,416700,416600,416600,396,0
41932000,416500,416500,416500,416500,48,0
41947000,416700,416700,416700,416700,2500,0
41949000,416700,416700,416700,416700,300,0
41953000,416800,416800,416800,416800,100,0
41957000,417000,417000,417000,417000,800,0
41964000,416855,416855,416855,416855,83,0
41975000,416900,417000,416900,417000,366,0
41977000,416900,416900,416900,416900,100,0
41998000,416700,416700,416700,416700,100,0
42028000,416800,416800,416800,416800,100,0
42066000,416800,416800,416800,416800,410,0
42067000,416900,416900,416900,416900,272,0
42069000,416800,416800,416800,416800,200,0
42071000,416900,416900,416900,416900,100,0
42098000,417000,417000,417000,417000,200,0
42112000,417000,417000,417000,417000,200,0
42130000,416900,416900,416900,416900,100,0
42135000,417000,417000,417000,417000,5,0
42141000,416999,416999,416999,416999,234,0
42147000,417000,417000,417000,417000,302,0
42154000,417200,417200,417200,417200,100,0
42159000,417100,417200,417100,417200,350,0
42180000,417200,417200,417200,417200,100,0
42221000,417199,417199,417199,417199,17,0
42246000,417092,417092,417092,417092,14,0
42252000,416800,416800,416800,416800,100,0
42258000,417200,417200,417200,417200,100,0
42274000,417100,417100,417100,417100,400,0
42280000,416900,416900,416900,416900,200,0
42288000,417100,417100,417100,417100,100,0
42296000,417200,417200,417200,417200,100,0
42308000,417200,417200,417200,417200,100,0
42338000,417000,417000,417000,417000,300,0
42349000,417000,417000,417000,417000,100,0
42432000,416500,416500,416500,416500,100,0
42433000,416750,416750,416750,416750,200,0
42439000,416800,416800,416800,416800,200,0
42440000,416800,416900,416800,416900,300,0
42441000,416800,416800,416800,416800,1700,0
42442000,416800,416800,416800,416800,100,0
42443000,416900,416900,416900,416900,1500,0
42448000,417000,417000,417000,417000,58,0
42451000,417000,417000,417000,417000,1100,0
42480000,416800,416800,416800,416800,400,0
42490000,416700,416700,416700,416700,100,0
42526000,416600,416600,416600,416600,100,0
42564000,416400,416400,416400,416400,100,0
42565000,416400,416400,416400,416400,259,0
42569000,416400,416500,416400,416500,441,0
42583000,416600,416600,416600,416600,112,0
42670000,416100,416100,416100,416100,100,0
42710000,416400,416400,416400,416400,100,0
42720000,416600,416600,416600,416600,200,0
42723000,416500,416500,416500,416500,300,0
42743000,416600,416600,416600,416600,100,0
42788000,416500,416500,416500,416500,130,0
42845000,415900,415900,415900,415900,100,0
42846000,416000,416000,416000,416000,100,0
42897000,416200,416200,416000,416200,600,0
42898000,416100,416100,416100,416100,100,0
42900000,415920,415920,415920,415920,407,0
42903000,415700,415700,415700,415700,100,0
42928000,415600,415600,415600,415600,42,0
42953000,415800,415800,415800,415800,700,0
43011000,415601,415601,415601,415601,3,0
43028000,415788,415788,415788,415788,324,0
43079000,415600,415600,415600,415600,100,0
43104000,415600,415600,415600,415600,200,0
43138000,415600,415600,415600,415600,100,0
43146000,415500,415500,415500,415500,200,0
43173000,415200,415200,415200,415200,100,0
43177000,415100,415400,415100,415400,1078,0
43200000,415400,415400,415400,415400,300,0
43229000,415400,415400,415400,415400,200,0
43265000,415600,415700,415600,415700,303,0
43324000,415800,415800,415800,415800,100,0
43326000,415800,415800,415800,415800,2300,0
43327000,415700,415700,415700,415700,74,0
43351000,415600,415600,415600,415600,200,0
43386000,414900,414900,414900,414900,100,0
43404000,415300,415300,415300,415300,6,0
43447000,415200,415200,415200,415200,100,0
43453000,414700,414700,414700,414700,1,0
43466000,415000,415000,415000,415000,100,0
43523000,414700,414700,414700,414700,100,0
43600000,414600,414600,414600,414600,100,0
43616000,414400,414400,414400,414400,100,0
43635000,414600,414600,414600,414600,200,0
43636000,414700,414800,414700,414800,500,0
43637000,414800,414800,414800,414800,100,0
43657000,414800,414800,414800,414800,100,0
43659000,414800,414800,414800,414800,400,0
43683000,414700,414700,414700,414700,2500,0
43703000,414700,414700,414700,414700,400,0
43707000,414800,414800,414800,414800,200,0
43736000,414700,414700,414600,414700,400,0
43759000,414300,414300,414300,414300,200,0
43795000,414700,414700,414700,414700,84,0
43852000,414500,414500,414500,414500,100,0
43877000,414700,414800,414700,414800,300,0
43954000,414999,414999,414999,414999,32,0
43990000,414800,414800,414800,414800,5,0
44002000,415000,415000,415000,415000,100,0
44014000,415000,415000,414980,414980,500,0
44019000,415000,415100,415000,415100,1100,0
44023000,415200,415200,415200,415200,300,0
44025000,415200,415200,415200,415200,400,0
44033000,415400,415400,415400,415400,400,0
44051000,415470,415470,415470,415470,500,0
44058000,415400,415400,415400,415400,200,0
44059000,415400,415400,415400,415400,200,0
44074000,415470,415470,415470,415470,300,0
44087000,415500,415500,415500,415500,300,0
44108000,415500,415500,415500,415500,200,0
44120000,415490,415500,415490,415500,500,0
44121000,415300,415300,415300,415300,400,0
44124000,415000,415000,415000,415000,100,0
44130000,415450,415450,415450,415450,200,0
44145000,415450,415450,415450,415450,700,0
44155000,415450,415450,415450,415450,200,0
44165000,415360,415360,415360,415360,100,0
44182000,414910,414910,414910,414910,40,0
44203000,415190,415190,415190,415190,50,0
44212000,415160,415160,415160,415160,100,0
44222000,415160,415160,415160,415160,100,0
44239000,414900,414900,414900,414900,100,0
44244000,415170,415170,415170,415170,40,0
44245000,415100,415100,415100,415100,100,0
44247000,414900,414900,414900,414900,100,0
44252000,414950,414950,414950,414950,100,0
44299000,414800,414800,414800,414800,100,0
44318000,414830,414830,414830,414830,216,0
44333000,414400,414400,414400,414400,100,0
44337000,414900,414900,414900,414900,602,0
44341000,414725,414725,414725,414725,4,0
44350000,415200,415200,415200,415200,100,0
44356000,415000,415000,415000,415000,15,0
44365000,415160,415160,415160,415160,300,0
44378000,415155,415155,415155,415155,500,0
44390000,415200,415200,415200,415200,400,0
44399000,415300,415300,415300,415300,200,0
44410000,415300,415300,415300,415300,100,0
44417000,415300,415300,415300,415300,100,0
44440000,415300,415300,415300,415300,200,0
44453000,415268,415268,415268,415268,400,0
44469000,415290,415290,415290,415290,50,0
44483000,415100,415100,415100,415100,20,0
44494000,415000,415000,415000,415000,100,0
44500000,414600,414600,414600,414600,100,0
44512000,415000,415000,415000,415000,100,0
44522000,414900,414900,414900,414900,100,0
44566000,414600,414900,414600,414900,134,0
44596000,414600,414600,414600,414600,100,0
44602000,414600,414600,414600,414600,300,0
44667000,414400,414400,414400,414400,100,0
44677000,414400,414400,414400,414400,100,0
44678000,414600,414600,414600,414600,400,0
44707000,414600,414600,414600,414600,100,0
44710000,414400,414400,414400,414400,4,0
44712000,414600,414600,414600,414600,378,0
44733000,414500,414500,414500,414500,200,0
44737000,414400,414400,414400,414400,100,0
44765000,414500,414500,414500,414500,200,0
44767000,414500,414500,414500,414500,600,0
44770000,414600,414700,414600,414600,600,0
44813000,414700,414700,414700,414700,9,0
44841000,414700,414800,414700,414800,300,0
44856000,414800,414800,414800,414800,91,0
44860000,414900,414900,414900,414900,100,0
44875000,414900,414900,414900,414900,2500,0
44896000,414900,414900,414900,414900,2550,0
44919000,414900,414901,414900,414901,500,0
44922000,415000,415000,415000,415000,100,0
44923000,415000,415000,415000,415000,100,0
44954000,414950,414950,414950,414950,100,0
44977000,414900,414900,414800,414800,400,0
44981000,414800,414900,414800,414900,100,0
45002000,414900,414900,414900,414900,150,0
45007000,414700,414700,414700,414700,100,0
45035000,414700,414700,414700,414700,100,0
45051000,414300,414300,414300,414300,100,0
45053000,414300,414300,414300,414300,300,0
45054000,414400,414400,414400,414400,100,0
45088000,414000,414100,414000,414000,405,0
45108000,414300,414400,414300,414400,295,0
45156000,414200,414200,414200,414200,100,0
45157000,414000,414000,414000,414000,50,0
45191000,414000,414000,414000,414000,5,0
45207000,414000,414000,414000,414000,845,0
45218000,414000,414000,414000,414000,2000,0
45223000,413900,413900,413900,413900,100,0
45276000,413800,413800,413800,413800,100,0
45327000,413900,414000,413900,414000,600,0
45345000,413901,413901,413901,413901,4,0
45346000,414100,414100,414100,414100,103,0
45352000,413900,413900,413900,413900,100,0
45363000,413800,413800,413800,413800,200,0
45415000,413700,413700,413700,413700,100,0
45435000,413500,413600,413500,413600,200,0
45440000,413500,413500,413500,413500,300,0
45442000,413500,413500,413500,413500,200,0
45463000,413600,413700,413600,413700,600,0
45530000,413700,413700,413700,413700,100,0
45541000,413600,413600,413600,413600,101,0
45553000,413500,413500,413300,413300,400,0
45600000,413400,413400,413400,413400,100,0
45605000,413400,413400,413400,413400,100,0
45611000,413100,413100,413100,413100,100,0
45647000,413000,413000,413000,413000,200,0
45678000,413000,413000,413000,413000,300,0
45697000,413200,413200,413200,413200,100,0
45704000,413200,413200,413200,413200,100,0
45710000,413300,413300,413300,413300,200,0
45762000,413100,413100,413100,413100,400,0
45777000,413200,413200,413200,413200,100,0
45782000,413100,413100,413100,413100,100,0
45823000,413200,413200,413200,413200,200,0
45832000,413281,413281,413281,413281,1,0
45887000,413200,413200,413200,413200,100,0
45919000,413200,413200,413200,413200,100,0
45978000,412799,412799,412799,412799,8,0
46012000,412700,412800,412700,412800,300,0
46021000,412900,412900,412900,412900,200,0
46024000,413000,413000,413000,413000,500,0
46027000,413200,413200,413200,413200,200,0
46043000,413100,413100,413000,413000,700,0
46044000,413000,413000,413000,413000,300,0
46045000,413100,413100,413100,413100,100,0
46052000,413200,413200,413200,413200,400,0
46088000,413200,413200,413200,413200,100,0
46094000,413200,413200,413200,413200,100,0
46108000,413200,413200,413200,413200,100,0
46115000,413300,413300,413300,413300,200,0
46124000,413300,413300,413200,413300,500,0
46129000,413200,413200,413200,413200,100,0
46222000,412900,412900,412900,412900,100,0
46250000,412600,412600,412600,412600,2,0
46282000,412400,412700,412400,412700,551,0
46357000,412800,412800,412800,412800,100,0
46368000,412600,412600,412600,412600,100,0
46379000,412500,412500,412200,412200,500,0
46382000,412100,412100,412100,412100,22,0
46407000,412500,412500,412500,412500,400,0
46411000,412500,412500,412500,412500,100,0
46430000,412400,412400,412400,412400,100,0
46518000,411800,411800,411800,411800,200,0
46544000,411800,411800,411800,411800,100,0
46562000,411700,411700,411700,411700,100,0
46580000,411400,411400,411400,411400,100,0
46582000,411800,411800,411800,411800,400,0
46590000,412100,412100,412100,412100,378,0
46601000,411825,411825,411825,411825,25,0
46634000,412099,412099,411701,411701,36,0
46716000,411900,411900,411900,411900,100,0
46722000,411900,411900,411900,411900,100,0
46752000,411800,411800,411800,411800,200,0
46760000,411900,411900,411900,411900,300,0
46803000,411900,411900,411900,411900,200,0
46843000,411500,411500,411500,411500,100,0
46853000,411400,411400,411400,411400,200,0
46864000,411200,411200,411200,411200,100,0
46895000,411100,411100,411100,411100,200,0
46942000,411500,411600,411500,411600,107,0
46961000,411800,411900,411800,411900,200,0
46963000,411900,411900,411900,411900,100,0
46964000,411800,411800,411800,411800,100,0
46988000,411601,411601,411601,411601,750,0
47005000,411900,411900,411900,411900,100,0
47042000,411900,411900,411900,411900,200,0
47071000,411800,411800,411700,411700,500,0
47074000,411400,411400,411400,411400,100,0
47076000,411400,411400,411400,411400,100,0
47088000,411500,411600,411500,411600,600,0
47093000,411800,411800,411800,411800,400,0
47112000,411800,411800,411800,411800,4,0
47124000,411900,411900,411900,411900,36,0
47176000,411800,411800,411800,411800,300,0
47202000,411800,411800,411800,411800,378,0
47213000,411900,411900,411900,411900,200,0
47238000,411800,411800,411800,411800,1,0
47249000,411900,411900,411900,411900,20,0
47257000,411800,411800,411800,411800,200,0
47259000,411600,411600,411600,411600,100,0
47283000,411480,411490,411480,411490,1100,0
47284000,411490,411490,411490,411490,800,0
47287000,411500,411500,411500,411500,2200,0
47289000,411500,411500,411500,411500,1200,0
47291000,411500,411500,411500,411500,300,0
47294000,411650,411650,411650,411650,100,0
47328000,411700,411800,411700,411700,980,0
47329000,411700,411700,411700,411700,200,0
47360000,411600,411600,411500,411600,500,0
47361000,411400,411400,411400,411400,100,0
47363000,411400,411400,411400,411400,200,0
47367000,411500,411500,411500,411500,100,0
47424000,411300,411300,411300,411300,300,0
47449000,411300,411300,411300,411300,1,0
47504000,411400,411400,411400,411400,300,0
47507000,411300,411300,411300,411300,100,0
47515000,411500,411500,411500,411500,100,0
47546000,411500,411600,411500,411600,400,0
47552000,411700,411700,411700,411700,100,0
47560000,411800,411800,411800,411800,100,0
47568000,411700,411700,411600,411700,400,0
47609000,411300,411300,411300,411300,1,0
47617000,411332,411332,411332,411332,201,0
47652000,411500,411500,411500,411500,200,0
47707000,411500,411500,411500,411500,200,0
47812000,411300,411300,411100,411100,300,0
47827000,411000,411000,410900,411000,438,0
47828000,411000,411000,411000,411000,100,0
47835000,411000,411000,411000,411000,100,0
47837000,411100,411100,411100,411100,300,0
47857000,411030,411030,411030,411030,42,0
47916000,410600,410600,410600,410600,200,0
47977000,410900,410900,410900,410900,400,0
47978000,410900,410900,410900,410900,100,0
47995000,411000,411000,411000,411000,100,0
47999000,411000,411000,411000,411000,313,0
48004000,411000,411300,411000,411300,763,0
48006000,411300,411300,411300,411300,200,0
48017000,411400,411400,411400,411400,300,0
48032000,411600,411600,411600,411600,100,0
48036000,411600,411600,411600,411600,300,0
48043000,411800,411800,411800,411800,200,0
48051000,411800,411800,411700,411700,300,0
48114000,411800,411800,411800,411800,900,0
48123000,411600,411600,411500,411500,109,0
48218000,411800,411800,411800,411800,100,0
48319000,411700,411700,411600,411600,200,0
48350000,411500,411500,411400,411400,200,0
48357000,411200,411200,411200,411200,100,0
48365000,411599,411599,411599,411599,17,0
48368000,411599,411599,411599,411599,6,0
48369000,411400,411400,411400,411400,37,0
48374000,411500,411600,411500,411600,441,0
48397000,411400,411400,411400,411400,100,0
48399000,411500,411500,411500,411500,200,0
48407000,411500,411500,411100,411100,300,0
48417000,411300,411300,411200,411200,100,0
48441000,411200,411200,411200,411200,200,0
48445000,411600,411600,411600,411600,300,0
48463000,411700,411700,411700,411700,100,0
48481000,412000,412000,412000,412000,100,0
48550000,412199,412199,412199,412199,1,0
48684000,411700,411700,411700,411700,200,0
48749000,412200,412200,412200,412200,100,0
48823000,411700,411700,411700,411700,100,0
48833000,411700,411700,411700,411700,100,0
48870000,411700,411700,411700,411700,300,0
48884000,412200,412200,412200,412200,617,0
48887000,412300,412300,412300,412300,100,0
48888000,412400,412400,412400,412400,100,0
48896000,412500,412500,412500,412500,100,0
48976000,412700,412700,412700,412700,100,0
48978000,412700,412800,412700,412800,500,0
48979000,412800,412800,412800,412800,200,0
48981000,412700,412700,412600,412600,700,0
49008000,412800,412800,412800,412800,261,0
49031000,412800,412800,412800,412800,100,0
49065000,413000,413000,413000,413000,5,0
49080000,413070,413070,413070,413070,85,0
49100000,413100,413100,413100,413100,200,0
49158000,413100,413100,412900,412900,301,0
49207000,412900,412900,412900,412900,500,0
49242000,412812,412812,412812,412812,8,0
49247000,413000,413000,413000,413000,100,0
49271000,412800,412800,412800,412800,100,0
49288000,413000,413000,413000,413000,100,0
49344000,413000,413000,413000,413000,200,0
49432000,413100,413100,413100,413100,2,0
49450000,412900,412900,412800,412800,764,0
49451000,412900,412900,412900,412900,100,0
49459000,412700,412700,412700,412700,100,0
49544000,412400,412400,412300,412300,151,0
49547000,412200,412200,412200,412200,1,0
49551000,412100,412100,412100,412100,200,0
49632000,411800,412100,411800,412100,826,0
49636000,412100,412100,412100,412100,100,0
49648000,412200,412200,412200,412200,300,0
49668000,412400,412500,412400,412400,511,0
49695000,412600,412700,412600,412700,250,0
49714000,412700,412700,412700,412700,100,0
49733000,412700,412700,412700,412700,100,0
49762000,412700,412700,412700,412700,100,0
49794000,412700,412700,412700,412700,200,0
49795000,412800,412800,412800,412800,132,0
49797000,412800,412800,412800,412800,100,0
49843000,412800,412800,412800,412800,100,0
49901000,413000,413200,413000,413200,400,0
49904000,413190,413190,413190,413190,44,0
49921000,413100,413100,413100,413100,1650,0
49922000,413199,413199,413199,413199,6,0
49925000,413200,413200,413200,413200,2,0
49926000,413000,413000,413000,413000,50,0
49940000,413100,413100,413100,413100,50,0
49950000,413200,413200,413200,413200,1091,0
50035000,413200,413200,413200,413200,300,0
50069000,413200,413200,413100,413200,1151,0
50085000,413000,413000,413000,413000,137,0
50086000,413000,413000,412900,412900,300,0
50095000,413000,413000,413000,413000,100,0
50152000,412936,412936,412936,412936,247,0
50155000,412800,412800,412800,412800,100,0
50180000,413000,413000,413000,413000,100,0
50194000,413099,413099,413099,413099,5,0
50196000,413099,413099,413099,413099,5,0
50206000,413080,413080,413080,413080,92,0
50214000,413099,413099,413099,413099,9,0
50247000,412700,412700,412700,412700,200,0
50249000,412700,412700,412600,412600,300,0
50253000,412582,412582,412582,412582,30,0
50268000,412500,412500,412500,412500,23,0
50345000,412600,412700,412600,412700,873,0
50350000,412600,412600,412600,412600,100,0
50395000,412600,412600,412600,412600,100,0
50405000,412600,412600,412500,412600,700,0
50418000,412600,413200,412600,413200,15757,0
50420000,412600,412600,412600,412600,2400,0
50435000,413000,413000,413000,413000,100,0
50439000,413100,413100,413100,413100,100,0
50445000,413200,413200,413200,413200,100,0
50447000,413200,413200,413200,413200,219,0
50506000,413300,413300,413300,413300,720,0
50525000,413500,413500,413500,413500,200,0
50568000,413799,413799,413799,413799,3,0
50596000,413800,413800,413800,413800,7,0
50600000,413800,413800,413800,413800,4,0
50621000,413799,413799,413799,413799,8,0
50653000,413800,413800,413800,413800,103,0
50694000,413800,413800,413625,413799,196,0
50695000,413700,413700,413700,413700,200,0
50747000,413800,413800,413800,413800,100,0
50758000,413600,413600,413500,413600,1200,0
50761000,413601,413601,413601,413601,8,0
50784000,413600,413600,413600,413600,100,0
50825000,413600,413600,413600,413600,400,0
50826000,413600,413600,413600,413600,100,0
50828000,413700,413800,413700,413700,386,0
50854000,413600,413600,413600,413600,275,0
50855000,413600,413600,413600,413600,125,0
50878000,413500,413500,413500,413500,600,0
50880000,413400,413400,413400,413400,100,0
50886000,413300,413300,413300,413300,200,0
50903000,413300,413300,413300,413300,100,0
50917000,413200,413200,413200,413200,100,0
50946000,413200,413200,413200,413200,200,0
50951000,412900,412900,412900,412900,1,0
50958000,412800,412800,412800,412800,200,0
50978000,412800,412800,412800,412800,37,0
50986000,412900,413000,412900,413000,2408,0
50987000,413000,413100,413000,413076,826,0
50992000,413100,413100,413100,413100,200,0
50997000,413200,413200,413200,413200,200,0
51017000,413400,413400,413400,413400,100,0
51018000,413400,413400,413400,413400,100,0
51029000,413500,413500,413500,413500,563,0
51030000,413500,413500,413500,413500,24,0
51077000,413500,413500,413500,413500,300,0
51086000,413500,413500,413500,413500,400,0
51093000,413400,413400,413400,413400,300,0
51159000,413400,413400,413400,413400,1,0
51174000,413400,413400,413400,413400,500,0
51203000,413100,413100,413100,413100,100,0
51226000,412901,412901,412901,412901,14,0
51243000,412900,412900,412900,412900,1,0
51269000,412900,412900,412900,412900,109,0
51348000,412900,412900,412800,412900,500,0
51368000,412900,413000,412900,413000,425,0
51382000,413000,413100,413000,413100,475,0
51389000,413200,413200,413200,413200,200,0
51390000,413300,413300,413300,413300,100,0
51398000,413400,413400,413400,413400,200,0
51408000,413500,413500,413500,413500,1,0
51413000,413500,413500,413500,413500,300,0
51417000,413500,413500,413400,413400,400,0
51453000,413500,413500,413500,413500,200,0
51471000,413500,413500,413500,413500,100,0
51507000,413500,413500,413400,413400,350,0
51508000,413400,413400,413400,413400,9600,0
51510000,413400,413400,413400,413400,1700,0
51561000,413400,413400,413400,413400,8600,0
51562000,413400,413400,413400,413400,7240,0
51563000,413400,413400,413400,413400,400,0
51631000,413200,413200,413200,413200,200,0
51645000,413000,413000,413000,413000,200,0
51646000,412900,412900,412900,412900,100,0
51647000,412900,412900,412900,412900,100,0
51658000,412900,412900,412900,412900,100,0
51663000,412600,412600,412600,412600,300,0
51775000,412900,413100,412900,413100,719,0
51919000,413200,413200,413200,413200,100,0
51946000,413200,413300,413200,413200,615,0
51952000,413300,413300,413300,413300,100,0
51953000,413200,413200,413200,413200,1022,0
51993000,413300,413300,413300,413300,900,0
52003000,413400,413400,413400,413400,100,0
52054000,413400,413400,413400,413400,116,0
52061000,413500,413500,413500,413500,200,0
52062000,413500,413600,413500,413600,284,0
52063000,413600,413600,413600,413600,156,0
52069000,413700,413700,413700,413700,300,0
52072000,414000,414000,414000,414000,100,0
52073000,414000,414100,414000,414100,600,0
52093000,414020,414020,414020,414020,500,0
52098000,414000,414000,413900,414000,998,0
52172000,413800,413800,413800,413800,450,0
52213000,413700,413700,413600,413700,600,0
52255000,413400,413400,413300,413300,200,0
52261000,413200,413200,413100,413100,200,0
52346000,413000,413100,413000,413100,1209,0
52364000,413100,413100,413100,413100,300,0
52390000,413300,413300,413300,413300,100,0
52426000,413120,413120,413120,413120,600,0
52451000,413300,413300,413300,413300,700,0
52452000,413400,413400,413400,413400,100,0
52453000,413401,413401,413100,413100,700,0
52503000,413140,413140,413140,413140,636,0
52556000,413400,413400,413400,413400,100,0
52569000,413300,413300,413300,413300,700,0
52578000,413210,413210,413200,413200,700,0
52607000,413200,413200,413200,413200,400,0
52612000,413100,413100,413100,413100,200,0
52617000,413100,413100,413100,413100,900,0
52618000,413200,413200,413200,413200,100,0
52622000,413200,413200,413200,413200,100,0
52682000,413100,413100,413100,413100,200,0
52704000,413000,413000,413000,413000,200,0
52707000,412900,412900,412900,412900,100,0
52722000,412800,412800,412800,412800,100,0
52724000,412900,412900,412900,412900,200,0
52725000,412900,412900,412900,412900,300,0
52726000,413000,413000,413000,413000,200,0
52728000,413200,413200,413200,413200,400,0
52736000,413300,413300,413300,413300,100,0
52758000,413400,413400,413400,413400,500,0
52766000,413400,413400,413300,413300,300,0
52781000,413500,413500,413500,413500,300,0
52784000,413400,413500,413400,413500,490,0
52801000,413400,413400,413400,413400,100,0
52804000,413400,413401,413400,413400,400,0
52810000,413400,413400,413400,413400,2,0
52814000,413400,413400,413400,413400,600,0
52836000,413400,413400,413300,413400,638,0
52846000,413600,413600,413600,413600,100,0
52870000,413500,413500,413500,413500,500,0
52872000,413500,413500,413500,413500,100,0
52884000,413500,413500,413500,413500,100,0
52892000,413400,413400,413300,413400,798,0
52893000,413200,413200,413200,413200,100,0
52905000,413200,413200,413200,413200,200,0
52913000,413200,413200,413200,413200,100,0
52934000,413300,413300,413300,413300,10,0
52946000,413120,413120,413120,413120,600,0
52970000,413201,413201,413200,413200,524,0
52973000,413200,413200,413200,413200,200,0
52984000,413300,413300,413300,413300,100,0
53017000,413300,413300,413300,413300,500,0
53025000,413400,413400,413400,413400,300,0
53103000,413435,413435,413435,413435,2,0
53148000,413500,413500,413500,413500,100,0
53153000,413600,413600,413600,413600,100,0
53185000,413500,413500,413400,413500,1437,0
53188000,413400,413400,413400,413400,994,0
53189000,413400,413400,413400,413400,100,0
53216000,413300,413300,413300,413300,100,0
53241000,413100,413100,413100,413100,300,0
53242000,413100,413100,413100,413100,100,0
53255000,413200,413200,413200,413200,578,0
53270000,413100,413100,413000,413000,272,0
53306000,413100,413100,413100,413100,500,0
53309000,413300,413300,413300,413300,300,0
53352000,413200,413200,413100,413200,600,0
53364000,413000,413000,413000,413000,100,0
53435000,412900,412900,412800,412800,200,0
53457000,412800,412900,412800,412900,200,0
53466000,413000,413000,413000,413000,100,0
53506000,412800,412800,412800,412800,100,0
53508000,412700,412700,412700,412700,3,0
53539000,412600,412600,412600,412600,100,0
53542000,412600,412600,412600,412600,200,0
53546000,412600,412600,412600,412600,100,0
53568000,412700,412800,412700,412800,200,0
53576000,412800,412800,412800,412800,100,0
53578000,412700,412700,412700,412700,100,0
53581000,412800,412900,412800,412900,300,0
53604000,412701,413099,412701,413099,5,0
53634000,412700,412700,412700,412700,6,0
53718000,412800,412900,412800,412900,300,0
53735000,412700,412700,412700,412700,300,0
53758000,412700,412700,412700,412700,400,0
53761000,412700,412700,412700,412700,100,0
53773000,412900,412900,412900,412900,300,0
53800000,412800,412800,412800,412800,500,0
53805000,412700,412700,412700,412700,100,0
53817000,412600,412600,412600,412600,100,0
53828000,412500,412500,412500,412500,200,0
53838000,412400,412400,412400,412400,200,0
53843000,412400,412400,412400,412400,600,0
53849000,412300,412300,412200,412200,203,0
53868000,412400,412500,412400,412400,800,0
53910000,412400,412400,412400,412400,300,0
53943000,412452,412452,412452,412452,100,0
53971000,412500,412600,412500,412600,500,0
53997000,412800,412800,412800,412800,100,0
54026000,413000,413000,413000,413000,207,0
54081000,413200,413200,413200,413200,100,0
54141000,413100,413100,413100,413100,100,0
54143000,413200,413200,413200,413200,100,0
54150000,413200,413200,413200,413200,100,0
54174000,413000,413000,412900,413000,2100,0
54176000,412700,412700,412700,412700,100,0
54229000,412900,412900,412900,412900,10,0
54236000,412600,412600,412500,412500,300,0
54250000,412500,412500,412500,412500,400,0
54256000,412300,412300,412300,412300,100,0
54265000,412400,412600,412400,412600,750,0
54270000,412600,412600,412600,412600,1,0
54289000,412600,412600,412600,412600,100,0
54291000,412600,412600,412600,412600,300,0
54300000,413100,413100,413000,413000,600,0
54301000,413000,413000,413000,413000,200,0
54302000,413000,413000,413000,413000,100,0
54303000,413100,413100,413100,413100,100,0
54321000,413200,413200,413200,413200,200,0
54334000,413200,413200,413200,413200,200,0
54349000,413100,413100,413100,413100,200,0
54367000,413100,413100,413100,413100,100,0
54369000,413000,413000,413000,413000,15,0
54415000,413100,413100,413100,413100,200,0
54427000,413000,413000,412900,412900,500,0
54430000,412900,412900,412900,412900,100,0
54496000,412900,412900,412900,412900,200,0
54497000,412900,412900,412900,412900,400,0
54499000,413100,413100,413100,413100,100,0
54508000,413400,413500,413400,413500,535,0
54568000,413401,413401,413401,413401,20,0
54591000,413500,413500,413500,413500,11,0
54613000,413550,413550,413550,413550,115,0
54627000,413400,413450,413200,413400,1500,0
54628000,413200,413200,413200,413200,100,0
54638000,413100,413100,413100,413100,593,0
54702000,413100,413100,413100,413100,100,0
54704000,413100,413100,413100,413100,400,0
54738000,413100,413100,413001,413001,201,0
54747000,413200,413200,413200,413200,100,0
54768000,413200,413200,413200,413200,100,0
54803000,413200,413300,413150,413200,1000,0
54811000,413500,413500,413500,413500,100,0
54851000,413410,413410,413300,413410,7752,0
54867000,413300,413300,413300,413300,378,0
54885000,413300,413300,413300,413300,1000,0
54915000,413200,413200,413100,413100,750,0
54918000,413000,413000,413000,413000,100,0
54921000,412800,412800,412800,412800,17,0
54951000,413000,413000,413000,413000,800,0
54963000,412900,412900,412900,412900,100,0
55007000,412900,412900,412900,412900,200,0
55024000,412800,412800,412700,412700,437,0
55050000,412700,412700,412700,412700,163,0
55051000,412600,412600,412600,412600,100,0
55073000,412600,412600,412600,412600,500,0
55086000,412500,412500,412500,412500,165,0
55090000,412500,412500,412500,412500,622,0
55091000,412600,412600,412600,412600,200,0
55098000,412800,412800,412800,412800,200,0
55100000,412700,412700,412700,412700,100,0
55140000,412700,412700,412700,412700,4,0
55141000,412900,412900,412900,412900,40,0
55170000,412900,412900,412900,412900,100,0
55180000,412900,412900,412900,412900,838,0
55181000,413000,413000,413000,413000,100,0
55183000,413000,413000,413000,413000,9,0
55208000,412900,412900,412900,412900,400,0
55217000,412968,412968,412968,412968,34,0
55240000,412900,412900,412900,412900,65,0
55241000,413000,413000,413000,413000,100,0
55246000,412999,412999,412999,412999,10,0
55248000,413000,413100,413000,413100,409,0
55250000,413200,413200,413100,413100,584,0
55252000,413100,413100,413100,413100,200,0
55267000,413200,413200,413200,413200,300,0
55279000,413200,413200,413200,413200,400,0
55339000,413100,413100,413100,413100,1200,0
55343000,413100,413100,413000,413000,700,0
55365000,413000,413000,413000,413000,832,0
55371000,412900,412900,412900,412900,40,0
55379000,413100,413100,413100,413100,2,0
55425000,413000,413000,413000,413000,300,0
55450000,413000,413000,413000,413000,602,0
55455000,413000,413000,413000,413000,300,0
55457000,413000,413000,413000,413000,100,0
55492000,413000,413000,413000,413000,487,0
55497000,413000,413000,413000,413000,13,0
55516000,413100,413100,413100,413100,100,0
55519000,413100,413200,413100,413100,570,0
55530000,413100,413100,413100,413100,100,0
55536000,413150,413150,413150,413150,255,0
55542000,413155,413155,413155,413155,91,0
55544000,413100,413100,413000,413100,790,0
55546000,413100,413100,413100,413100,500,0
55573000,413200,413200,413200,413200,268,0
55598000,413300,413300,413300,413300,378,0
55606000,413200,413200,413200,413200,100,0
55612000,413200,413200,413200,413200,100,0
55619000,413100,413100,413100,413100,500,0
55638000,413100,413200,413100,413200,600,0
55652000,413200,413200,413200,413200,100,0
55656000,413200,413200,413200,413200,100,0
55690000,413300,413400,413300,413300,570,0
55698000,413500,413700,413500,413700,2000,0
55699000,413700,413700,413700,413700,100,0
55703000,413700,413700,413700,413700,200,0
55706000,413700,413700,413700,413700,100,0
55783000,413700,413700,413700,413700,200,0
55786000,413900,413900,413900,413900,100,0
55791000,413800,413800,413800,413800,1113,0
55803000,413700,413700,413700,413700,28,0
55817000,413800,413800,413800,413800,100,0
55826000,413800,413800,413800,413800,100,0
55844000,413700,413700,413500,413500,1000,0
55848000,413500,413500,413500,413500,100,0
55863000,413500,413500,413400,413400,306,0
55864000,413400,413400,413400,413400,23,0
55902000,413500,413500,413500,413500,897,0
55906000,413500,413500,413500,413500,200,0
55939000,413500,413600,413500,413600,400,0
55943000,413600,413600,413600,413600,100,0
55957000,413700,413700,413700,413700,100,0
55972000,413500,413500,413200,413400,1736,0
56008000,413000,413000,413000,413000,871,0
56010000,413000,413100,413000,413000,1000,0
56024000,413000,413000,413000,413000,100,0
56090000,413100,413100,413100,413100,100,0
56120000,413300,413300,413300,413300,5,0
56155000,413200,413300,413200,413300,201,0
56157000,413300,413300,413300,413300,300,0
56158000,413300,413300,413300,413300,809,0
56160000,413400,413400,413400,413400,200,0
56171000,413600,413600,413600,413600,3,0
56188000,413300,413300,413300,413300,75,0
56276000,413400,413400,413300,413400,1501,0
56277000,413400,413400,413400,413400,400,0
56281000,413400,413600,413400,413400,623,0
56294000,413400,413400,413400,413400,5,0
56371000,413600,413750,413600,413750,1204,0
56373000,413800,413800,413800,413800,419,0
56386000,413900,414000,413900,414000,563,0
56389000,414000,414100,414000,414100,197,0
56392000,414000,414100,414000,414050,1200,0
56397000,414200,414200,414200,414200,1,0
56408000,414100,414200,414100,414200,1600,0
56409000,414200,414200,414200,414200,800,0
56410000,414200,414200,414200,414200,100,0
56415000,414200,414200,414200,414200,100,0
56426000,414200,414200,414200,414200,300,0
56427000,414200,414200,414200,414200,100,0
56432000,414100,414100,414100,414100,1600,0
56433000,414100,414100,414100,414100,200,0
56444000,414000,414000,414000,414000,100,0
56448000,414000,414000,414000,414000,300,0
56464000,414000,414000,414000,414000,472,0
56508000,414200,414200,414200,414200,1,0
56544000,414000,414000,413800,413800,1300,0
56546000,413700,413700,413700,413700,25,0
56564000,413700,413700,413700,413700,100,0
56580000,413800,413800,413800,413800,100,0
56581000,413800,413800,413800,413800,293,0
56599000,413800,413900,413800,413900,1366,0
56602000,414000,414000,413900,413900,500,0
56603000,413900,413900,413900,413900,200,0
56605000,414000,414000,414000,414000,172,0
56606000,413901,413901,413901,413901,1,0
56617000,414100,414200,414100,414200,300,0
56618000,414200,414200,414200,414200,100,0
56642000,414100,414100,414100,414100,100,0
56654000,414100,414100,414100,414100,386,0
56666000,414100,414200,414100,414200,700,0
56694000,414230,414230,414230,414230,59,0
56706000,414200,414200,414100,414100,1500,0
56728000,413800,413800,413800,413800,400,0
56732000,413700,413800,413700,413800,600,0
56752000,413700,413700,413700,413700,600,0
56756000,413700,413700,413700,413700,500,0
56761000,413700,413700,413700,413700,1012,0
56772000,413700,413700,413700,413700,226,0
56789000,413600,413600,413600,413600,69,0
56806000,413700,413800,413700,413700,446,0
56816000,413800,413800,413800,413800,100,0
56819000,413800,413800,413800,413800,124,0
56820000,413800,413800,413800,413800,100,0
56849000,413800,413800,413800,413800,100,0
56857000,413800,413800,413800,413800,100,0
56879000,413800,413800,413800,413800,100,0
56882000,413800,413800,413800,413800,1107,0
56888000,413800,413800,413800,413800,1633,0
56889000,413800,413800,413800,413800,72,0
56907000,413800,413800,413800,413800,200,0
56917000,413900,413900,413900,413900,71,0
56920000,413900,413900,413900,413900,87,0
56937000,413900,413900,413900,413900,752,0
56938000,413900,413900,413900,413900,100,0
56939000,413900,413900,413900,413900,100,0
56962000,413900,413900,413900,413900,200,0
56966000,413900,413900,413900,413900,2,0
56970000,413900,413900,413900,413900,300,0
56973000,413900,413900,413900,413900,400,0
56975000,413800,413900,413800,413900,1023,0
56984000,413800,413800,413800,413800,1576,0
56987000,413800,413800,413800,413800,946,0
56988000,413800,413800,413800,413800,200,0
56999000,413800,413800,413800,413800,100,0
57027000,413800,413800,413800,413800,1079,0
57028000,413800,413800,413800,413800,300,0
57063000,413700,413700,413400,413700,2203,0
57064000,413400,413400,413400,413400,405,0
57067000,413400,413400,413400,413400,1000,0
57068000,413400,413400,413400,413400,1686,0
57074000,413400,413400,413400,413400,900,0
57077000,413300,413300,413300,413300,300,0
57078000,413300,413400,413300,413400,800,0
57085000,413400,413400,413400,413400,100,0
57088000,413400,413400,413400,413400,100,0
57100000,413300,413300,413300,413300,200,0
57107000,413400,413400,413400,413400,100,0
57109000,413400,413400,413400,413400,100,0
57130000,413400,413500,413400,413500,355,0
57131000,413500,413800,413500,413800,937,0
57132000,413700,413700,413700,413700,189,0
57134000,413700,413700,413700,413700,200,0
57135000,413800,413800,413800,413800,100,0
57137000,413700,413700,413700,413700,198,0
57148000,413750,413750,413750,413750,100,0
57157000,413700,413700,413600,413600,2024,0
57158000,413500,413500,413500,413500,100,0
57162000,413400,413400,413400,413400,300,0
57163000,413400,413400,413400,413400,400,0
57164000,413300,413300,413300,413300,100,0
57167000,413400,413400,413400,413400,100,0
57172000,413300,413300,413300,413300,300,0
57185000,413300,413300,413300,413300,350,0
57187000,413300,413400,413300,413300,1950,0
57202000,413300,413300,413300,413300,100,0
57207000,413200,413200,413200,413200,200,0
57208000,413300,413300,413300,413300,100,0
57213000,413300,413400,413300,413300,1700,0
57217000,413300,413300,413300,413300,300,0
57218000,413300,413300,413300,413300,400,0
57227000,413300,413300,413300,413300,200,0
57231000,413300,413300,413300,413300,100,0
57234000,413200,413200,413200,413200,100,0
57245000,413200,413200,413200,413200,482,0
57258000,413200,413200,413200,413200,100,0
57262000,413200,413200,413200,413200,100,0
57269000,413200,413200,413100,413200,1500,0
57271000,413000,413000,412900,412900,600,0
57273000,412900,413400,412900,413300,2394,0
57275000,413100,413100,413100,413100,200,0
57278000,413000,413100,413000,413000,557,0
57288000,412900,412900,412900,412900,200,0
57297000,413100,413200,413100,413100,1000,0
57300000,413400,413500,413400,413500,426,0
57301000,413300,413400,413200,413200,1672,0
57315000,413400,413400,413400,413400,175,0
57318000,413300,413300,413200,413300,700,0
57321000,413400,413400,413400,413400,2,0
57334000,413200,413300,413200,413300,900,0
57336000,413200,413200,413200,413200,83,0
57351000,413200,413200,413100,413100,1267,0
57353000,413200,413200,413200,413200,800,0
57360000,413100,413100,413100,413100,61,0
57364000,413200,413300,413200,413200,1174,0
57367000,413200,413200,413200,413200,100,0
57371000,413100,413100,413100,413100,100,0
57377000,413200,413200,413200,413200,100,0
57384000,413100,413100,413100,413100,624,0
57390000,413100,413100,413100,413100,900,0
57393000,413100,413100,413100,413100,225,0
57394000,413100,413100,412900,412900,406,0
57401000,413000,413000,412800,412800,1458,0
57402000,412800,412800,412700,412700,300,0
57403000,412700,412700,412700,412700,1281,0
57405000,412700,413000,412700,413000,2919,0
57407000,413100,413100,413100,413100,1093,0
57408000,413100,413100,413100,413100,100,0
57409000,413000,413000,413000,413000,1000,0
57420000,413000,413100,413000,413100,578,0
57422000,413100,413200,413100,413200,294,0
57427000,413200,413200,413200,413200,1900,0
57428000,413200,413300,413200,413300,365,0
57429000,413300,413300,413300,413300,259,0
57440000,413350,413350,413300,413300,200,0
57444000,413300,413300,413200,413300,1275,0
57445000,413100,413100,413100,413100,200,0
57455000,413100,413100,413100,413100,225,0
57458000,413200,413200,413200,413200,1091,0
57465000,413200,413200,413200,413200,286,0
57466000,413150,413150,413100,413100,200,0
57467000,413100,413100,413100,413100,200,0
57469000,413200,413200,413200,413200,300,0
57479000,413300,413400,413300,413300,487,0
57480000,413300,413300,413300,413300,100,0
57481000,413350,413400,413300,413400,800,0
57482000,413400,413400,413400,413400,100,0
57484000,413400,413400,413400,413400,100,0
57486000,413400,413400,413400,413400,100,0
57488000,413300,413300,413300,413300,200,0
57491000,413300,413350,413300,413350,200,0
57501000,413400,413400,413400,413400,100,0
57502000,413300,413300,413300,413300,656,0
57504000,413300,413300,413300,413300,87,0
57508000,413200,413200,413200,413200,200,0
57511000,413200,413300,413200,413300,713,0
57513000,413200,413300,413200,413300,330,0
57516000,413300,413300,413300,413300,100,0
57518000,413500,413500,413500,413500,100,0
57527000,413200,413400,413200,413300,2100,0
57528000,413300,413300,413300,413300,100,0
57529000,413300,413400,413300,413400,500,0
57532000,413400,413400,413400,413400,230,0
57533000,413400,413400,413300,413300,918,0
57534000,413400,413400,413400,413400,200,0
57537000,413400,413400,413400,413400,589,0
57539000,413400,413400,413400,413400,150,0
57540000,413400,413500,413400,413500,900,0
57541000,413400,413500,413400,413500,1400,0
57542000,413500,413600,413500,413600,500,0
57543000,413700,413700,413700,413700,100,0
57544000,413500,413500,413500,413500,100,0
57545000,413600,413700,413600,413700,200,0
57546000,413500,413500,413500,413500,100,0
57548000,413500,413650,413500,413600,980,0
57551000,413600,413600,413600,413600,20,0
57552000,413500,413500,413500,413500,100,0
57553000,413400,413400,413400,413400,100,0
57554000,413500,413500,413500,413500,400,0
57555000,413400,413400,413400,413400,400,0
57556000,413500,413500,413500,413500,100,0
57557000,413500,413500,413400,413500,1065,0
57559000,413500,413600,413300,413300,400,0
57560000,413600,413600,413600,413600,200,0
57562000,413300,413700,413300,413700,300,0
57563000,413700,413700,413700,413700,100,0
57564000,413500,413500,413500,413500,187,0
57565000,413400,413400,413400,413400,100,0
57566000,413300,413300,413300,413300,100,0
57567000,413300,413300,413300,413300,100,0
57568000,413500,413500,413400,413400,400,0
57570000,413600,413700,413600,413600,1365,0
57571000,413500,413500,413500,413500,102,0
57572000,413500,413500,413500,413500,200,0
57573000,413600,413600,413600,413600,162,0
57575000,413600,413700,413600,413700,1200,0
57576000,413800,413800,413800,413800,200,0
57577000,413700,413700,413700,413700,103,0
57578000,413800,413800,413800,413800,211,0
57579000,413600,413900,413600,413900,200,0
57580000,413900,414000,413900,414000,700,0
57581000,413900,413900,413800,413900,201,0
57583000,413800,413800,413500,413500,472,0
57584000,413500,413500,413500,413500,218,0
57585000,413700,414000,413700,413850,230,0
57586000,414000,414000,413700,413700,200,0
57588000,413700,413900,413700,413800,585,0
57590000,413900,413900,413900,413900,80,0
57592000,413700,413700,413700,413700,94,0
57596000,413800,413800,413800,413800,100,0
57597000,413900,413900,413900,413900,235,0
57598000,413900,414100,413900,414100,420,0
57599000,413800,413800,413800,413800,2,0
57600000,413900,414000,413900,414000,25340,0
57610000,414000,414000,414000,414000,1500,0
58137000,414000,414000,414000,414000,140,0
58500000,414000,414000,414000,414000,20,0
63485000,415500,415500,415500,415500,200,0
67207000,415500,415500,415500,415500,100,0
