34200000,927500,927500,927500,927500,18528,0
34202000,930400,930400,926600,926600,84,0
34204000,929100,929100,927500,927500,81,0
34230000,927500,930500,927500,927500,300,0
34258000,927900,927900,927900,927900,11,0
34260000,927600,927900,925100,925100,1289,0
34261000,925200,925200,925200,925200,100,0
34267000,925200,925500,925000,925000,650,0
34297000,925100,925100,925100,925100,200,0
34301000,925200,925200,925200,925200,100,0
34330000,926550,926550,925100,925172,122,0
34389000,924200,924200,923900,923900,108,0
34417000,923800,923800,923800,923800,3,0
34432000,923800,923800,923800,923800,100,0
34434000,923801,923801,923801,923801,100,0
34443000,925600,925600,925600,925600,100,0
34500000,925650,925650,924000,924000,215,0
34501000,924400,924400,923900,923900,500,0
34502000,923900,923900,923200,923200,100,0
34558000,923400,924700,923300,923300,614,0
34567000,923300,923300,923300,923300,143,0
34570000,923000,923000,923000,923000,19,0
34589000,923000,923000,922900,922900,100,0
34590000,922900,922900,922900,922900,46,0
34591000,922900,922900,922500,922500,485,0
34594000,921900,921900,921900,921900,100,0
34607000,921400,921400,921400,921400,115,0
34624000,921400,921400,921400,921400,33,0
34643000,921400,921400,921300,921300,100,0
34668000,921400,921400,921400,921400,43,0
34686000,921300,921300,921300,921300,20,0
34687000,921300,921300,921000,921000,312,0
34688000,920900,920900,920900,920900,80,0
34689000,920800,920800,920800,920800,324,0
34690000,920000,920000,920000,920000,100,0
34695000,920000,920000,920000,920000,103,0
34696000,920000,920000,919900,919900,293,0
34723000,918600,918600,918600,918600,100,0
34725000,918601,918601,918601,918601,10,0
34762000,920400,920400,920400,920400,200,0
34766000,919800,919800,919800,919800,5,0
34771000,919550,920100,919550,920100,130,0
34783000,918800,918800,918700,918700,200,0
34791000,919700,920000,918800,919350,1184,0
34792000,918800,918800,918800,918800,9,0
34801000,919800,920100,919100,919400,1418,0
34802000,920200,920200,920100,920100,109,0
34803000,920400,921000,920400,921000,500,0
34808000,923650,923650,923650,923650,100,0
34856000,921600,921600,921600,921600,10,0
34863000,923899,923899,923899,923899,2,0
34872000,923360,923360,923360,923360,8,0
34885000,922200,922200,922200,922200,50,0
34895000,921200,922600,921200,922600,53,0
34918000,924750,924750,924750,924750,100,0
34932000,925200,925200,925200,925200,1,0
34960000,924700,924700,924700,924700,100,0
34966000,924000,924000,924000,924000,200,0
34968000,924100,924200,922600,922600,1978,0
34978000,923800,923800,922200,922200,300,0
34982000,923875,923875,923875,923875,1,0
34995000,922350,922350,921800,921800,109,0
35001000,921101,921101,921101,921101,2,0
35008000,922500,922500,922500,922500,100,0
35018000,923300,923300,923300,923300,9,0
35022000,923800,923800,921800,922650,222,0
35055000,922300,922300,922300,922300,100,0
35063000,922300,922300,922000,922000,1240,0
35073000,921800,921800,921800,921800,300,0
35076000,921800,921800,921800,921800,200,0
35077000,921800,922250,921800,922250,600,0
35078000,921800,921800,921800,921800,200,0
35079000,921800,922250,921700,921800,800,0
35083000,922099,922099,922099,922099,11,0
35090000,921930,921930,921930,921930,87,0
35091000,921760,921760,921760,921760,3,0
35110000,921100,921100,921100,921100,44,0
35116000,922099,922099,922099,922099,11,0
35128000,921500,921500,921500,921500,4,0
35129000,922100,922600,921800,921900,1385,0
35140000,923899,923899,923899,923899,31,0
35146000,922900,923000,922600,922700,2894,0
35147000,922600,922900,922600,922900,547,0
35156000,924199,924199,924199,924199,11,0
35173000,923600,923600,923600,923600,100,0
35175000,923800,923800,923800,923800,100,0
35195000,923500,923700,921200,921800,3263,0
35198000,922699,922699,921100,921100,135,0
35204000,922100,922200,922100,922200,413,0
35267000,922500,923000,922500,923000,740,0
35288000,922800,922800,922600,922600,109,0
35294000,921700,921700,921700,921700,21,0
35305000,921701,921701,921701,921701,30,0
35314000,923500,923500,923500,923500,10,0
35361000,922800,922800,922800,922800,5,0
35366000,922800,922800,922800,922800,100,0
35367000,922800,922800,922800,922800,100,0
35403000,923400,923400,923400,923400,200,0
35416000,922300,922300,922300,922300,27,0
35510000,923600,923700,923600,923700,515,0
35514000,923700,923700,923700,923700,3,0
35515000,924100,924600,924100,924400,392,0
35517000,925000,925000,925000,925000,35,0
35526000,924300,924300,924300,924300,65,0
35533000,924300,924300,924300,924300,1,0
35535000,924400,924400,923800,923900,1109,0
35539000,924100,924100,924100,924100,100,0
35553000,924000,924000,924000,924000,2,0
35585000,924001,924001,924001,924001,2,0
35607000,924270,924270,924270,924270,25,0
35608000,924100,924100,924100,924100,1,0
35661000,924100,924100,924100,924100,31,0
35668000,924100,924100,924100,924100,100,0
35673000,924700,924700,924700,924700,5,0
35675000,924100,924100,924100,924100,2,0
35679000,924100,924100,924100,924100,300,0
35690000,924799,924799,924799,924799,50,0
35695000,924100,924200,923600,924200,1241,0
35715000,923075,923075,923075,923075,53,0
35723000,923000,923000,923000,923000,100,0
35726000,923700,923700,923400,923700,613,0
35738000,924200,924200,924200,924200,10,0
35739000,923900,923900,923900,923900,200,0
35740000,924100,924100,924100,924100,1,0
35832000,924300,924600,924300,924600,240,0
35893000,925300,925300,925300,925300,1,0
35894000,925300,925300,925300,925300,29,0
35898000,924900,924900,924900,924900,2,0
35913000,924100,924100,924100,924100,1,0
35914000,924500,924600,924500,924500,222,0
35917000,925000,925000,925000,925000,4,0
35973000,924600,924600,924600,924600,100,0
35976000,924600,924600,924500,924500,842,0
35985000,924000,924000,923700,923700,30,0
35986000,923700,923700,923300,923300,151,0
36006000,923880,923880,923880,923880,100,0
36081000,922100,922100,922100,922100,5,0
36086000,921900,921900,921900,921900,100,0
36112000,921200,921200,921200,921200,5,0
36181000,920450,920450,920450,920450,100,0
36192000,921300,921400,921300,921400,234,0
36227000,920500,920500,920500,920500,55,0
36249000,921500,921700,921500,921500,344,0
36261000,920700,920700,920700,920700,100,0
36279000,920900,920900,920700,920700,134,0
36308000,921150,921150,921150,921150,200,0
36400000,921100,921600,921000,921600,1179,0
36460000,920900,920900,920800,920800,524,0
36461000,920800,920900,920800,920900,287,0
36466000,920700,920700,920700,920700,141,0
36468000,920700,920700,920700,920700,200,0
36473000,920600,920600,920500,920500,205,0
36477000,920300,920300,920300,920300,100,0
36490000,920100,920100,920000,920000,200,0
36520000,920000,920200,920000,920200,600,0
36546000,919800,919800,919800,919800,100,0
36550000,919700,919700,919000,919600,1312,0
36552000,918900,918900,918900,918900,100,0
36557000,919600,919600,919600,919600,12,0
36563000,919161,919161,919161,919161,3,0
36570000,918800,918800,918800,918800,12,0
36580000,918700,918700,918600,918600,170,0
36586000,917600,917600,917600,917600,25,0
36587000,918400,918400,918400,918400,5,0
36595000,917900,917900,917900,917900,50,0
36596000,917800,917800,917600,917700,255,0
36597000,917700,917700,917700,917700,100,0
36609000,918600,918700,918450,918700,1233,0
36611000,919100,919100,919100,919100,100,0
36642000,918800,918800,918800,918800,28,0
36676000,918000,918500,917700,917700,3800,0
36677000,917800,917800,917700,917700,400,0
36687000,918300,918300,917600,917600,200,0
36690000,918800,918800,918800,918800,200,0
36700000,919100,919100,919100,919100,25,0
36726000,918900,918900,918900,918900,250,0
36747000,918600,918600,918600,918600,100,0
36788000,918100,918100,918100,918100,201,0
36809000,917700,917800,917700,917750,440,0
36822000,917600,917600,917500,917500,100,0
36824000,917500,917500,917500,917500,100,0
36825000,917500,917500,917500,917500,12,0
36839000,917500,917900,917500,917650,500,0
36851000,917600,917600,917600,917600,300,0
36861000,917600,917600,917600,917600,100,0
36867000,918099,918099,918099,918099,210,0
36881000,916900,916900,916900,916900,1,0
36915000,916900,917000,916700,916800,449,0
36926000,916500,916500,916400,916400,200,0
36932000,916800,917100,916700,917100,300,0
36934000,917050,917400,917050,917225,300,0
36942000,917300,917300,917000,917000,1705,0
36944000,917100,917100,917100,917100,200,0
36952000,916200,916200,915600,915600,1600,0
36953000,916500,916500,916500,916500,9,0
36959000,916500,916500,916250,916500,614,0
36962000,916600,916600,916600,916600,900,0
36964000,916600,916600,916600,916600,100,0
36972000,917000,917200,917000,917200,800,0
36977000,916600,916600,916600,916600,500,0
36984000,915700,915700,915510,915510,200,0
36988000,917100,917100,917100,917100,4,0
37057000,916800,916800,916800,916800,6,0
37062000,916350,916350,916350,916350,100,0
37065000,915600,915600,915600,915600,2,0
37108000,915500,916350,915500,915600,300,0
37113000,915300,915300,915300,915300,100,0
37132000,915200,915800,915200,915800,200,0
37155000,915650,915650,915650,915650,100,0
37157000,916100,916200,916000,916200,337,0
37221000,915500,915650,915500,915650,105,0
37222000,915650,915650,915650,915650,12,0
37244000,915300,915500,915000,915000,1400,0
37248000,914900,914900,914900,914900,100,0
37249000,914700,914700,914600,914700,500,0
37250000,914700,915350,914700,915350,200,0
37259000,915700,915700,915700,915700,66,0
37288000,915700,915700,915700,915700,100,0
37304000,914600,914700,914600,914700,106,0
37305000,915100,915100,915100,915100,30,0
37356000,915500,915500,915500,915500,100,0
37361000,915600,915600,915600,915600,212,0
37422000,915700,915700,915700,915700,100,0
37453000,915000,915000,915000,915000,128,0
37459000,915999,915999,915999,915999,29,0
37539000,914800,914800,914600,914600,500,0
37552000,914500,914500,914300,914300,217,0
37553000,914100,914100,914100,914100,100,0
37555000,914100,914100,914100,914100,168,0
37592000,915000,915000,915000,915000,2,0
37596000,914500,915000,914500,915000,400,0
37602000,914300,914300,914300,914300,100,0
37627000,914400,915100,914400,915100,160,0
37639000,914560,914560,914560,914560,56,0
37688000,914100,914100,914100,914100,45,0
37691000,915001,915001,915001,915001,200,0
37701000,913910,913910,913910,913910,2,0
37712000,914100,914100,914100,914100,7,0
37713000,914000,914100,914000,914100,149,0
37732000,914550,914900,914550,914900,200,0
37752000,914100,914100,914100,914100,200,0
37758000,914300,914300,914300,914300,100,0
37786000,915000,915600,914800,915100,1436,0
37803000,914900,914900,914900,914900,5,0
37808000,914700,914700,914500,914500,260,0
37824000,915000,915500,915000,915500,200,0
37832000,914600,914600,914600,914600,100,0
37861000,914300,914300,914300,914300,100,0
37886000,914300,914300,914300,914300,1,0
37896000,915000,915000,915000,915000,100,0
37932000,915500,915500,914580,914580,184,0
37935000,915400,915400,915400,915400,100,0
37947000,915600,915600,915600,915600,100,0
37964000,915300,915300,914700,914700,741,0
37969000,914950,914950,914600,914600,200,0
37991000,915300,915300,915300,915300,100,0
37992000,915300,915500,915100,915100,216,0
38006000,914501,914501,914501,914501,10,0
38012000,915700,915700,915700,915700,200,0
38023000,915800,915800,915800,915800,200,0
38024000,915800,915800,915800,915800,100,0
38052000,915750,915750,915750,915750,100,0
38110000,915300,915300,915300,915300,17,0
38136000,915400,915400,915400,915400,25,0
38183000,916199,916199,916199,916199,4,0
38252000,916000,916200,915800,916200,722,0
38287000,916200,916200,916200,916200,100,0
38318000,916300,916300,916300,916300,100,0
38347000,916240,916240,916240,916240,33,0
38387000,916300,916500,916050,916400,630,0
38399000,915900,915900,915900,915900,11,0
38400000,915900,915900,915900,915900,1,0
38405000,916600,916600,916600,916600,100,0
38418000,916600,916600,916600,916600,100,0
38428000,916620,916620,916600,916600,200,0
38432000,916700,917000,916700,917000,280,0
38434000,917000,917000,917000,917000,100,0
38438000,917000,917000,917000,917000,2,0
38442000,917000,917300,917000,917300,467,0
38443000,917400,917400,917000,917000,200,0
38447000,917500,917600,917500,917600,101,0
38452000,917200,917200,917000,917100,906,0
38453000,917000,917000,917000,917000,100,0
38455000,917500,917500,917500,917500,1,0
38457000,917300,917300,917300,917300,100,0
38464000,917200,917200,917200,917200,5,0
38465000,917500,917500,917500,917500,85,0
38478000,917500,917500,917500,917500,100,0
38480000,917500,917500,917500,917500,13,0
38494000,917500,917500,917500,917500,400,0
38542000,917800,917800,917800,917800,1000,0
38557000,917800,917800,917800,917800,100,0
38566000,917500,917800,917500,917800,129,0
38568000,917800,917800,917800,917800,100,0
38576000,917800,917800,917800,917800,375,0
38578000,918300,918300,918300,918300,100,0
38579000,918300,918300,918300,918300,50,0
38582000,918800,918800,918800,918800,100,0
38615000,919400,919400,919400,919400,133,0
38616000,919100,919100,919100,919100,100,0
38638000,919400,919400,919400,919400,100,0
38651000,918700,918700,918700,918700,100,0
38665000,918800,918800,918800,918800,82,0
38670000,919700,919700,919700,919700,100,0
38676000,918950,918950,918950,918950,100,0
38691000,918700,918700,918700,918700,29,0
38699000,918700,918700,918400,918400,409,0
38702000,918200,918200,918200,918200,100,0
38733000,917300,917800,917300,917700,600,0
38736000,917680,917680,917680,917680,200,0
38746000,917800,917800,917800,917800,200,0
38752000,917800,917800,917800,917800,100,0
38762000,917800,917800,917800,917800,400,0
38773000,917600,917700,917600,917700,200,0
38789000,917700,917700,917700,917700,100,0
38790000,917700,917700,917700,917700,100,0
38792000,917700,918100,917700,918100,387,0
38793000,918100,918100,917850,917850,200,0
38822000,917800,917800,917800,917800,30,0
38861000,918300,918300,918300,918300,70,0
38863000,918300,918300,918300,918300,100,0
38895000,918400,918400,918400,918400,30,0
38903000,918800,918800,918800,918800,100,0
38951000,918800,918800,918800,918800,100,0
38969000,918000,918000,918000,918000,34,0
38983000,918800,919200,918800,919200,1000,0
38984000,919300,919300,919200,919200,362,0
38991000,919300,919300,919300,919300,100,0
38995000,918700,918700,918700,918700,100,0
39002000,919000,919000,919000,919000,100,0
39010000,919700,919700,919700,919700,100,0
39021000,919500,919500,919300,919300,201,0
39028000,919300,919300,918800,918800,644,0
39057000,919700,919700,919700,919700,300,0
39143000,918800,918800,918300,918300,4,0
39252000,918000,918100,918000,918100,53,0
39291000,918100,918200,918100,918200,219,0
39363000,918800,918800,918800,918800,100,0
39375000,918400,918700,917560,917560,1212,0
39378000,917800,917800,917800,917800,200,0
39387000,917600,917700,917600,917700,200,0
39394000,917700,917700,917700,917700,300,0
39406000,917600,917700,917600,917700,200,0
39429000,917600,917600,917600,917600,100,0
39452000,918099,918099,918099,918099,200,0
39550000,917500,918050,917500,917700,1001,0
39561000,918100,918100,917800,917800,200,0
39601000,918200,918300,918100,918300,817,0
39630000,918300,918300,918200,918200,201,0
39636000,918500,918500,918500,918500,2,0
39668000,918100,918100,917700,918100,1352,0
39669000,918000,918000,918000,918000,100,0
39682000,917800,917800,917800,917800,35,0
39731000,917800,917800,917800,917800,100,0
39757000,917800,917800,917700,917700,400,0
39758000,917650,917800,917650,917700,1013,0
39759000,917700,918100,917700,918100,211,0
39762000,918000,918000,918000,918000,100,0
39771000,918400,918400,918400,918400,12,0
39783000,918400,918400,918400,918400,100,0
39787000,918700,918700,918700,918700,100,0
39815000,918810,918810,918810,918810,8,0
39845000,918600,918600,918600,918600,5,0
39858000,918500,918500,918500,918500,60,0
39880000,918400,918400,918100,918100,401,0
39884000,917900,917900,917900,917900,400,0
39886000,917700,917700,917700,917700,100,0
39898000,917600,917600,917600,917600,1,0
39939000,917600,917600,917200,917200,388,0
39991000,916900,916900,916900,916900,11,0
40133000,917000,917000,917000,917000,100,0
40134000,917000,917700,917000,917200,2268,0
40157000,917700,917700,917700,917700,300,0
40185000,917800,917800,917800,917800,10,0
40193000,917800,917800,917800,917800,290,0
40213000,917500,917500,917000,917000,302,0
40223000,917299,917299,917299,917299,99,0
40240000,917200,917200,917200,917200,200,0
40269000,917200,917200,917200,917200,100,0
40282000,917300,917600,917300,917500,761,0
40283000,917600,917600,917600,917600,100,0
40289000,917800,917800,917800,917800,1,0
40384000,916501,916600,916501,916600,298,0
40443000,917000,917100,916800,917100,151,0
40446000,917199,917200,916501,917200,384,0
40470000,917100,917100,917100,917100,13,0
40497000,917100,917200,917100,917200,55,0
40505000,917200,917200,917200,917200,288,0
40509000,917600,917600,917600,917600,100,0
40515000,917600,917700,917600,917700,150,0
40516000,916901,916901,916901,916901,5,0
40531000,917600,917600,917600,917600,100,0
40535000,917300,917300,917300,917300,5,0
40570000,916900,916900,916900,916900,1,0
40572000,917000,917600,916900,917200,588,0
40574000,917000,917000,917000,917000,100,0
40585000,916900,916900,916900,916900,28,0
40618000,917400,917400,917400,917400,300,0
40625000,917400,917400,917400,917400,2,0
40653000,916900,917300,916300,916500,3581,0
40655000,916500,916500,916500,916500,100,0
40656000,916500,916500,916500,916500,1313,0
40657000,916500,916500,916500,916500,327,0
40658000,917000,917000,917000,917000,100,0
40679000,916400,916600,916400,916600,475,0
40714000,916600,916700,916600,916700,240,0
40718000,916700,916700,916700,916700,161,0
40731000,916600,916600,916600,916600,100,0
40739000,916600,916600,916600,916600,100,0
40747000,916500,916500,916500,916500,109,0
40752000,915900,915900,915900,915900,65,0
40764000,916500,916500,916500,916500,100,0
40772000,916500,916600,916500,916500,240,0
40791000,916208,916208,916208,916208,6,0
40797000,916599,916599,916599,916599,25,0
40871000,916600,916600,916600,916600,4,0
40892000,916600,916700,916600,916600,910,0
40927000,916550,916550,916300,916300,200,0
40965000,916300,916500,916200,916500,395,0
41004000,916875,916875,916392,916392,23,0
41020000,916200,916200,916200,916200,300,0
41030000,916550,916550,916550,916550,100,0
41114000,916700,917000,916700,917000,760,0
41115000,917100,917100,917100,917100,100,0
41146000,916801,916801,916801,916801,56,0
41147000,917100,917100,917000,917000,200,0
41155000,916900,916900,916900,916900,300,0
41161000,916500,916500,916500,916500,200,0
41196000,916400,916400,916400,916400,31,0
41209000,916800,916800,916800,916800,60,0
41241000,916300,916300,916300,916300,17,0
41271000,916300,916300,916300,916300,100,0
41280000,916300,916300,916300,916300,5,0
41339000,916840,916840,916840,916840,100,0
41342000,916300,916300,916300,916300,56,0
41352000,916900,917000,916900,917000,400,0
41355000,916650,916650,916650,916650,1,0
41362000,916500,916500,916300,916500,201,0
41380000,916990,916990,916990,916990,115,0
41396000,916900,917100,916900,917000,978,0
41421000,917400,917400,917400,917400,100,0
41561000,917400,917400,917400,917400,1500,0
41564000,917400,917400,917400,917400,200,0
41566000,917400,917400,917400,917400,100,0
41567000,917000,917000,917000,917000,100,0
41569000,917400,917400,917400,917400,100,0
41578000,917300,917300,917300,917300,100,0
41589000,917300,917600,917300,917500,900,0
41591000,917500,917500,917500,917500,100,0
41597000,917600,917600,917600,917600,100,0
41603000,917600,917800,917600,917800,400,0
41616000,917900,917900,917900,917900,100,0
41623000,917900,917900,917900,917900,178,0
41633000,917900,917900,917900,917900,239,0
41643000,918100,918100,918100,918100,100,0
41674000,918763,918763,918763,918763,200,0
41677000,918750,918900,918750,918900,200,0
41684000,919000,919000,919000,919000,100,0
41699000,919000,919000,919000,919000,100,0
41700000,919050,919050,919050,919050,100,0
41742000,919300,919300,919300,919300,100,0
41760000,918926,918926,918926,918926,1087,0
41761000,919100,919100,919100,919100,100,0
41764000,919300,919300,919300,919300,100,0
41771000,919400,919400,919400,919400,6,0
41779000,919300,919300,919300,919300,100,0
41821000,919000,919000,918800,918800,746,0
41823000,918800,918800,918800,918800,100,0
41824000,918700,918700,918700,918700,100,0
41826000,918700,918700,918700,918700,100,0
41880000,918800,918800,918800,918800,17,0
41884000,919000,919000,919000,919000,612,0
41885000,919100,919100,919100,919100,100,0
41894000,919000,919000,918800,918800,144,0
41909000,919200,919200,919100,919200,500,0
41935000,919200,919200,919200,919200,100,0
41971000,918984,918984,918984,918984,200,0
42012000,918886,918886,918886,918886,100,0
42031000,919099,919099,919099,919099,44,0
42049000,919000,919000,919000,919000,100,0
42092000,918800,918800,918800,918800,742,0
42124000,918700,918700,918700,918700,66,0
42127000,918600,918600,918600,918600,100,0
42132000,918600,918600,918600,918600,300,0
42133000,918600,918600,918400,918400,905,0
42165000,918000,918000,918000,918000,100,0
42168000,918100,918100,918100,918100,5,0
42177000,918200,918600,918200,918250,1203,0
42212000,918800,918800,918800,918800,100,0
42219000,918700,918700,918700,918700,100,0
42226000,918800,918900,918800,918900,200,0
42235000,919400,919400,919400,919400,12,0
42245000,918610,918610,918610,918610,3,0
42288000,919200,919200,919200,919200,100,0
42327000,919000,919300,919000,919100,500,0
42339000,919375,919375,919375,919375,25,0
42435000,918900,918900,918900,918900,1,0
42451000,919100,919100,919100,919100,25,0
42462000,918700,918700,918600,918600,518,0
42463000,918600,918600,918500,918500,200,0
42466000,918200,918200,918200,918200,100,0
42483000,918500,918500,918500,918500,9,0
42485000,918599,918599,918599,918599,7,0
42495000,917800,917800,917800,917800,1,0
42502000,918100,918100,918100,918100,9,0
42542000,918000,918000,918000,918000,30,0
42565000,918000,918100,918000,918100,413,0
42662000,917700,917700,917300,917300,634,0
42680000,917200,917400,917000,917400,814,0
42682000,917000,917000,917000,917000,100,0
42683000,917000,917000,917000,917000,100,0
42686000,917000,917000,917000,917000,411,0
42688000,916700,916700,916700,916700,100,0
42710000,917000,917000,917000,917000,90,0
42711000,917000,917000,917000,917000,1000,0
42770000,916975,916975,916975,916975,29,0
42793000,916700,916700,916300,916300,505,0
42795000,916300,916300,916300,916300,100,0
42796000,916200,916200,916200,916200,400,0
42811000,916000,916000,916000,916000,20,0
42815000,916400,916400,916400,916400,100,0
42828000,916500,916600,916500,916600,55,0
42859000,916899,916899,916899,916899,19,0
42955000,916900,916900,916900,916900,300,0
42988000,916516,916516,916516,916516,201,0
43004000,916400,916400,916300,916300,532,0
43007000,916200,916200,915900,915900,318,0
43055000,915799,915799,915799,915799,34,0
43143000,915800,915800,915700,915700,103,0
43148000,915600,915600,915100,915100,810,0
43157000,915100,915100,915100,915100,200,0
43173000,915700,915700,915700,915700,100,0
43183000,915700,916100,915700,916100,1028,0
43201000,916200,916200,915900,915900,400,0
43223000,915901,916000,915901,916000,400,0
43327000,916400,916400,916400,916400,100,0
43334000,916100,916100,916000,916000,1029,0
43335000,916000,916000,916000,916000,100,0
43337000,916000,916000,916000,916000,200,0
43349000,916600,916600,916600,916600,50,0
43381000,916300,916300,916300,916300,100,0
43397000,916200,916200,916200,916200,1,0
43409000,916000,916000,915900,915900,600,0
43412000,915999,915999,915999,915999,50,0
43438000,915700,915700,915500,915500,10300,0
43448000,915700,915700,915700,915700,12000,0
43452000,915400,915400,914800,914800,1547,0
43453000,914600,914600,914600,914600,50,0
43458000,914601,914601,914601,914601,1,0
43489000,914600,914600,914600,914600,20,0
43494000,914600,914600,914600,914600,1,0
43504000,915400,915400,915400,915400,94,0
43515000,915500,915500,915500,915500,200,0
43558000,915000,915000,915000,915000,1,0
43579000,915100,915100,915100,915100,241,0
43635000,915300,916100,915300,915350,2088,0
43653000,915100,915100,915100,915100,7,0
43724000,915500,915500,915500,915500,5,0
43725000,915800,915800,915800,915800,60,0
43728000,915900,915900,915800,915800,193,0
43734000,915800,915800,915400,915400,1112,0
43744000,915200,915200,915100,915100,316,0
43768000,915200,915200,915200,915200,200,0
43804000,915100,915100,915100,915100,105,0
43863000,915200,915200,915100,915100,67,0
43883000,915700,915700,915700,915700,13,0
43890000,915000,915000,915000,915000,19,0
43917000,915100,915100,915100,915100,100,0
43949000,915001,915001,915001,915001,1,0
43972000,915400,915600,915400,915600,400,0
43979000,915600,916000,915600,916000,750,0
44003000,916400,916400,916390,916390,55,0
44035000,916400,916400,916400,916400,100,0
44039000,916300,916300,916300,916300,200,0
44094000,916300,916900,916300,916500,2230,0
44095000,916050,916050,916050,916050,100,0
44118000,916300,916300,916300,916300,1,0
44119000,916200,916200,916200,916200,200,0
44120000,916100,916100,916000,916000,500,0
44121000,916100,916100,916100,916100,100,0
44145000,916600,916600,916600,916600,3,0
44190000,916699,916699,916699,916699,100,0
44202000,916308,916308,916308,916308,100,0
44210000,916700,916700,916700,916700,11,0
44255000,916000,916000,915600,915600,1702,0
44271000,915300,915300,915300,915300,100,0
44294000,915650,915900,915650,915900,279,0
44335000,916000,916200,916000,916200,350,0
44338000,916700,916700,916700,916700,2,0
44357000,916200,916200,915900,915900,470,0
44359000,916300,916300,916300,916300,9,0
44374000,916300,916300,916300,916300,200,0
44379000,916500,916500,916500,916500,100,0
44380000,916500,916500,916500,916500,74,0
44390000,916600,916600,916600,916600,100,0
44392000,916600,916600,916600,916600,50,0
44394000,916300,916300,916300,916300,500,0
44396000,916300,916300,916200,916200,601,0
44422000,916600,916600,916600,916600,37,0
44450000,916600,916600,916600,916600,263,0
44452000,916101,916101,916101,916101,1,0
44463000,916700,916700,916700,916700,100,0
44465000,916600,916600,916600,916600,100,0
44584000,917000,917000,917000,917000,5,0
44591000,916950,916950,916950,916950,110,0
44638000,917200,917290,917200,917290,47,0
44645000,917290,917290,917240,917240,1755,0
44669000,917000,917000,917000,917000,100,0
44767000,916800,916800,916800,916800,76,0
44775000,917300,917300,917300,917300,300,0
44798000,916800,916800,916800,916800,100,0
44805000,916801,916801,916801,916801,9,0
44908000,917300,917300,917300,917300,105,0
44911000,917300,917600,917200,917300,1907,0
44912000,917300,917500,917300,917500,500,0
44921000,917200,917200,917200,917200,2,0
44930000,917600,917600,917600,917600,100,0
44951000,917600,917600,917600,917600,100,0
44972000,917800,917800,917800,917800,100,0
44976000,917800,917800,917800,917800,100,0
44978000,917800,917800,917800,917800,100,0
44990000,917800,917800,917700,917700,511,0
45002000,917700,917700,917600,917600,246,0
45036000,917300,917300,917200,917200,1391,0
45041000,917100,917100,917100,917100,100,0
45044000,916800,916800,916800,916800,100,0
45046000,916800,916800,916800,916800,100,0
45049000,916700,916700,916700,916700,1,0
45066000,917000,917000,917000,917000,11,0
45086000,916700,916700,916700,916700,100,0
45120000,916700,916700,916700,916700,100,0
45124000,916700,916700,916500,916500,1113,0
45125000,916300,916300,916300,916300,100,0
45126000,916200,916200,916200,916200,100,0
45130000,916200,916200,916200,916200,100,0
45157000,915700,915700,915700,915700,100,0
45196000,915700,915700,915700,915700,100,0
45218000,915700,915700,915600,915600,610,0
45230000,914900,914900,914900,914900,100,0
45231000,914900,914900,914900,914900,100,0
45250000,915200,915290,915200,915290,150,0
45259000,914900,914900,914900,914900,100,0
45271000,914900,914900,914900,914900,4,0
45284000,915100,915100,915100,915100,100,0
45288000,915000,915200,914900,914900,364,0
45294000,915000,915000,914925,914925,110,0
45297000,915000,915000,915000,915000,310,0
45298000,915100,915200,915100,915200,300,0
45308000,915000,915000,915000,915000,44,0
45315000,915000,915000,915000,915000,58,0
45330000,915000,915000,915000,915000,258,0
45360000,914900,914900,914700,914700,138,0
45361000,914900,914900,914900,914900,28,0
45369000,914500,914500,914500,914500,100,0
45452000,914600,914600,914600,914600,1,0
45462000,914600,914600,914600,914600,2,0
45467000,914800,914800,914800,914800,100,0
45479000,914900,914900,914900,914900,34,0
45480000,914899,914899,914899,914899,14,0
45540000,914000,914000,914000,914000,1,0
45541000,914200,914200,914200,914200,10,0
45543000,914100,914100,914100,914100,100,0
45567000,914500,914600,914300,914300,400,0
45570000,914000,914000,914000,914000,12,0
45584000,914100,914100,914000,914000,328,0
45597000,914100,914100,914100,914100,3,0
45602000,914100,914100,913700,913700,849,0
45608000,913600,913600,913600,913600,94,0
45613000,914499,914499,914499,914499,7,0
45614000,913700,913700,913400,913500,491,0
45615000,913400,913400,913400,913400,29,0
45630000,913500,913500,913150,913150,330,0
45720000,913401,913401,913401,913401,1,0
45744000,913781,913781,913781,913781,110,0
45762000,913400,913400,913400,913400,385,0
45763000,913200,913200,913100,913100,193,0
45773000,913799,913799,913799,913799,20,0
45787000,913000,913000,913000,913000,200,0
45790000,913599,913599,913599,913599,13,0
45791000,913599,913599,913599,913599,34,0
45815000,913500,913500,913450,913450,500,0
45824000,913500,913800,913400,913500,1387,0
45831000,913100,913100,912800,912800,103,0
45842000,912800,912800,912800,912800,31,0
45867000,912900,912900,912900,912900,5,0
45871000,912950,912950,912950,912950,150,0
45872000,912670,912670,912670,912670,45,0
45883000,912700,912700,912600,912600,423,0
45884000,912500,912500,912500,912500,6,0
45899000,912501,912501,912501,912501,1,0
45920000,912500,912500,912500,912500,200,0
45939000,912500,912500,912500,912500,100,0
45952000,912400,912400,912100,912100,839,0
45961000,912000,912000,912000,912000,7,0
45976000,912000,912300,912000,912001,130,0
45987000,912100,912100,912100,912100,200,0
45989000,912899,912899,912899,912899,26,0
46001000,912899,912899,912899,912899,15,0
46027000,912500,912500,912500,912500,100,0
46043000,912100,912200,911570,911570,911,0
46078000,912299,912299,912299,912299,2,0
46114000,911815,911815,911815,911815,126,0
46140000,911400,911400,911400,911400,35,0
46141000,911400,911400,910900,911300,778,0
46147000,910900,910900,910600,910600,907,0
46151000,910500,910500,910500,910500,100,0
46156000,910500,910500,910500,910500,55,0
46160000,910201,910201,910201,910201,1,0
46179000,910990,910990,910990,910990,20,0
46204000,910300,910300,910300,910300,39,0
46224000,910899,910899,910899,910899,25,0
46227000,910900,910900,910900,910900,44,0
46245000,910899,910899,910899,910899,14,0
46246000,910899,910899,910899,910899,9,0
46251000,910900,910900,910900,910900,2,0
46253000,910899,910899,910899,910899,70,0
46257000,910899,911400,910800,911100,2353,0
46260000,910900,911000,910900,911000,140,0
46277000,911400,911400,911400,911400,100,0
46313000,911600,911600,911600,911600,100,0
46318000,911101,911101,911101,911101,8,0
46345000,911101,911101,911101,911101,135,0
46356000,911300,911400,911200,911400,200,0
46361000,911200,911200,911200,911200,90,0
46365000,911100,911100,911100,911100,50,0
46368000,911100,911100,911100,911100,49,0
46369000,911100,911100,911100,911100,100,0
46371000,911600,911600,911600,911600,700,0
46374000,911400,911400,911200,911200,48,0
46379000,911200,911200,910400,910400,1721,0
46389000,911000,911000,911000,911000,400,0
46391000,911000,911300,911000,911000,550,0
46399000,910801,911600,910801,911600,201,0
46409000,911101,911101,911101,911101,2,0
46417000,911599,911600,911599,911600,21,0
46421000,911899,911899,911899,911899,17,0
46447000,912099,912099,912099,912099,10,0
46481000,911700,911700,911700,911700,200,0
46490000,911550,911550,911550,911550,70,0
46496000,911300,911300,911300,911300,100,0
46501000,911300,911300,911300,911300,100,0
46513000,911699,911699,911300,911300,372,0
46515000,911300,911300,911300,911300,200,0
46516000,911300,911300,911000,911000,568,0
46518000,910800,910800,910800,910800,100,0
46521000,910800,910800,910800,910800,100,0
46526000,910500,910500,910500,910500,100,0
46537000,910400,910400,910400,910400,134,0
46543000,910999,910999,910999,910999,1,0
46560000,910500,910500,910500,910500,200,0
46571000,910300,910300,910300,910300,300,0
46580000,910500,910500,910350,910500,500,0
46584000,910600,910600,910400,910450,500,0
46586000,910300,910300,910300,910300,167,0
46591000,910301,910301,910301,910301,300,0
46601000,910699,910700,910699,910700,200,0
46609000,910500,910500,910500,910500,4,0
46611000,910500,910500,910500,910500,38,0
46614000,910500,910500,910500,910500,300,0
46622000,910551,910551,910400,910480,395,0
46623000,910500,910500,910400,910500,2100,0
46624000,910400,910400,910400,910400,100,0
46626000,910700,910700,910700,910700,100,0
46629000,910700,910700,910700,910700,100,0
46631000,910700,910700,910700,910700,100,0
46635000,910600,910700,910600,910700,318,0
46665000,910501,910501,910500,910500,742,0
46683000,910400,910400,910400,910400,400,0
46692000,910100,910100,910100,910100,55,0
46693000,910100,910100,910100,910100,201,0
46706000,910100,910100,909900,910100,729,0
46712000,909800,910600,909100,910600,2801,0
46716000,909800,909900,909600,909900,1116,0
46722000,909600,909600,909600,909600,200,0
46723000,909600,909600,909600,909600,100,0
46726000,909400,909400,909400,909400,95,0
46740000,909600,909600,909450,909550,2400,0
46752000,909500,909500,909200,909200,500,0
46757000,909100,909100,909100,909100,200,0
46800000,908900,908900,908900,908900,100,0
46801000,908800,908800,908800,908800,200,0
46814000,908500,908500,908500,908500,200,0
46817000,908700,908700,908700,908700,600,0
46823000,908460,908460,908460,908460,100,0
46826000,908500,908600,908500,908600,472,0
46830000,908600,908600,908600,908600,100,0
46841000,908400,908550,908400,908550,1526,0
46863000,908300,908300,908100,908200,1300,0
46864000,908100,908100,908100,908100,181,0
46865000,908150,908150,908150,908150,100,0
46873000,908100,908100,908100,908100,65,0
46874000,908200,908200,908150,908150,505,0
46881000,908200,908300,908150,908300,1295,0
46886000,908699,908699,908699,908699,5,0
46888000,908699,908699,908699,908699,5,0
46893000,908300,908600,907800,907800,663,0
46920000,908050,908050,908050,908050,100,0
46928000,907800,907800,907800,907800,100,0
46931000,907800,907800,907800,907800,3,0
46941000,907800,907870,907800,907870,114,0
46944000,907935,907935,907935,907935,100,0
46949000,907800,907800,907800,907800,10,0
46958000,908200,908200,908000,908000,500,0
46970000,907800,908400,907800,908400,800,0
46980000,908300,908300,908300,908300,100,0
46988000,907700,907700,907700,907700,200,0
46990000,908200,908200,908000,908000,200,0
46991000,908200,908200,908200,908200,100,0
46995000,908200,908500,908200,908499,701,0
47005000,908500,908500,908500,908500,7,0
47008000,908500,908500,908175,908175,400,0
47013000,908600,908600,908300,908300,550,0
47051000,907900,907900,907900,907900,650,0
47055000,908000,908200,908000,908050,600,0
47058000,908200,908200,908050,908050,314,0
47061000,908400,908400,908400,908400,100,0
47068000,908100,908100,907900,907900,200,0
47070000,907800,907800,907800,907800,76,0
47077000,907800,907800,907800,907800,424,0
47081000,907700,907700,907700,907700,100,0
47095000,908400,908400,908400,908400,3,0
47101000,908200,908200,908200,908200,100,0
47109000,907800,907800,907800,907800,100,0
47124000,908300,908300,908300,908300,64,0
47126000,907900,907900,907900,907900,36,0
47128000,907910,907910,907910,907910,11,0
47151000,908699,908699,908699,908699,28,0
47165000,907900,907900,907700,907700,223,0
47169000,907600,907600,907600,907600,100,0
47172000,907600,907600,907600,907600,100,0
47176000,907600,907600,907600,907600,100,0
47183000,907900,907900,907900,907900,100,0
47184000,907600,907600,907600,907600,150,0
47199000,907700,907700,907700,907700,100,0
47214000,907500,907500,907500,907500,208,0
47222000,907500,907500,907300,907300,402,0
47229000,907425,907500,907425,907500,400,0
47230000,907499,907499,907499,907499,62,0
47235000,907300,907300,907300,907300,100,0
47241000,907300,907400,907300,907400,500,0
47243000,907400,907500,907300,907400,898,0
47259000,907300,907300,907000,907000,874,0
47265000,907399,907399,907399,907399,19,0
47270000,907150,907150,907150,907150,100,0
47277000,907150,907150,907150,907150,200,0
47278000,907400,907400,907400,907400,30,0
47285000,907000,907000,906875,907000,500,0
47289000,907000,907000,907000,907000,100,0
47290000,907000,907000,907000,907000,132,0
47301000,907100,907100,906900,906900,200,0
47307000,907100,907100,906900,907000,401,0
47319000,906900,907000,906900,907000,36,0
47330000,906900,906900,906800,906800,664,0
47342000,906700,906700,906600,906600,220,0
47346000,906700,906700,906600,906700,700,0
47347000,906650,906650,906650,906650,100,0
47348000,906600,906650,906600,906600,463,0
47356000,906699,906699,906699,906699,11,0
47370000,906500,906600,906500,906500,307,0
47376000,906100,906100,905950,905975,645,0
47391000,906600,906600,906300,906300,412,0
47394000,906600,906600,906600,906600,100,0
47396000,906012,906012,906012,906012,500,0
47407000,906000,906000,906000,906000,20,0
47411000,906300,906300,906300,906300,15,0
47414000,906200,906200,906200,906200,209,0
47415000,906200,906200,906200,906200,12,0
47416000,906200,906200,906200,906200,100,0
47426000,906150,906150,906150,906150,200,0
47432000,906400,906600,906150,906600,1154,0
47435000,906700,906700,906700,906700,300,0
47436000,906900,906900,906800,906800,600,0
47438000,906880,906880,906880,906880,50,0
47461000,906650,906650,906650,906650,100,0
47462000,906400,906400,906200,906400,632,0
47469000,906200,906200,906200,906200,100,0
47475000,906500,906500,906500,906500,14,0
47476000,906300,906300,906300,906300,22,0
47487000,905928,905928,905928,905928,100,0
47497000,906200,906200,906200,906200,436,0
47498000,906200,906200,906050,906050,128,0
47511000,906600,906600,906300,906300,600,0
47522000,906300,906300,906200,906200,850,0
47525000,906300,906300,906300,906300,50,0
47530000,906500,906500,906400,906400,412,0
47532000,906400,906400,906400,906400,100,0
47537000,906350,906350,906350,906350,100,0
47539000,906400,906400,906400,906400,100,0
47543000,906500,906500,906500,906500,100,0
47547000,906900,906900,906500,906500,388,0
47563000,906900,906900,906900,906900,300,0
47577000,907200,907200,906850,906850,20,0
47580000,906500,906500,906300,906400,828,0
47585000,906200,906200,906200,906200,300,0
47589000,906200,906200,906200,906200,10,0
47593000,906300,906400,906200,906200,500,0
47597000,906500,906500,906500,906500,300,0
47598000,906500,906500,906500,906500,300,0
47600000,906400,906400,906400,906400,1700,0
47604000,906200,906200,906200,906200,100,0
47605000,906300,906300,906300,906300,100,0
47623000,906400,906400,906400,906400,200,0
47641000,906300,906300,906300,906300,100,0
47646000,906200,906200,906000,906000,950,0
47650000,905900,905900,905500,905500,1131,0
47652000,905700,905700,905550,905550,200,0
47654000,905800,905800,905800,905800,200,0
47659000,905800,905900,905600,905700,1450,0
47667000,905800,905800,905800,905800,200,0
47671000,905500,905500,905300,905300,957,0
47672000,905225,905225,905225,905225,13,0
47674000,905200,905200,905200,905200,241,0
47679000,905100,905200,905100,905200,200,0
47682000,905400,905400,905400,905400,200,0
47685000,905400,905450,905400,905450,500,0
47689000,905100,905599,905100,905599,176,0
47692000,905000,905000,904700,904700,200,0
47700000,905300,905300,905000,905000,144,0
47702000,905000,905200,905000,905000,300,0
47703000,905000,905200,905000,905000,3022,0
47706000,905399,905399,905399,905399,86,0
47707000,905400,905400,905200,905200,550,0
47715000,905500,905700,905500,905700,1205,0
47717000,905699,905699,905699,905699,7,0
47719000,905700,905900,905700,905900,645,0
47772000,905900,905900,905900,905900,100,0
47792000,906061,906061,906061,906061,289,0
47793000,905800,905800,905800,905800,97,0
47794000,905800,905800,905800,905800,174,0
47802000,905801,905801,905801,905801,108,0
47807000,905800,905900,905800,905900,840,0
47809000,905900,905900,905900,905900,100,0
47811000,905800,905800,905800,905800,300,0
47830000,905800,905800,905800,905800,100,0
47899000,905900,905900,905800,905900,234,0
48010000,906200,906200,906200,906200,400,0
48019000,905900,905900,905900,905900,100,0
48024000,906700,906700,906700,906700,13,0
48095000,906600,906600,906600,906600,10,0
48100000,906600,906600,906600,906600,10,0
48115000,906900,907200,906850,907200,857,0
48117000,906700,906700,906600,906600,700,0
48127000,907200,907200,907200,907200,93,0
48166000,907300,907300,907300,907300,200,0
48169000,907400,907400,907400,907400,100,0
48176000,907400,907400,907400,907400,100,0
48178000,907400,907400,907400,907400,200,0
48182000,907700,907700,907700,907700,100,0
48187000,907800,907800,907800,907800,106,0
48191000,908000,908000,908000,908000,100,0
48198000,908100,908100,908100,908100,100,0
48213000,908100,908100,907900,907900,455,0
48215000,908200,908200,908200,908200,80,0
48218000,907900,907900,907900,907900,485,0
48296000,907961,907961,907961,907961,44,0
48300000,908139,908139,908139,908139,9,0
48318000,907800,907800,907800,907800,100,0
48323000,907700,907700,907700,907700,263,0
48410000,907700,907700,907700,907700,100,0
48428000,908200,908200,908200,908200,4,0
48437000,908300,908400,908200,908400,326,0
48447000,908010,908010,908010,908010,25,0
48470000,908800,908800,908800,908800,210,0
48484000,909100,909100,909100,909100,100,0
48492000,909300,909300,909300,909300,200,0
48498000,909400,909400,909400,909400,100,0
48515000,909600,909700,909600,909700,110,0
48534000,909700,909700,909600,909700,290,0
48537000,909600,909875,909600,909875,519,0
48548000,909800,909800,909800,909800,100,0
48565000,909300,909300,909300,909300,100,0
48569000,909200,909200,909200,909200,5,0
48587000,909600,909600,909600,909600,100,0
48601000,909450,909450,909450,909450,100,0
48653000,909775,909775,909775,909775,22,0
48677000,909800,909800,909800,909800,291,0
48704000,909300,909300,909100,909100,201,0
48721000,909100,909100,909100,909100,800,0
48735000,908900,909200,908900,909200,200,0
48741000,909400,909400,909400,909400,1,0
48775000,908801,908801,908801,908801,85,0
48776000,909400,909400,909400,909400,5,0
48810000,908800,909400,908800,909400,466,0
48837000,909400,909400,909400,909400,100,0
48868000,909300,909300,909300,909300,127,0
48975000,909800,909800,909700,909800,639,0
48995000,909900,909900,909900,909900,500,0
49009000,910200,910200,910200,910200,100,0
49014000,909660,909700,909660,909700,1100,0
49037000,910200,910200,910200,910200,100,0
49049000,910200,910200,910200,910200,100,0
49079000,910000,910100,910000,910100,419,0
49102000,910400,910400,910400,910400,100,0
49104000,910075,910075,910075,910075,301,0
49130000,910100,910200,910100,910200,400,0
49131000,910300,910300,910300,910300,62,0
49150000,910000,910000,910000,910000,319,0
49171000,910000,910000,910000,910000,1,0
49177000,909900,909900,909900,909900,100,0
49201000,910151,910151,910151,910151,1,0
49234000,910188,910188,910188,910188,45,0
49244000,910000,910000,910000,910000,5,0
49246000,910300,910300,910300,910300,200,0
49249000,910400,910400,910400,910400,100,0
49252000,910600,910600,910600,910600,400,0
49253000,910600,910700,910600,910700,200,0
49257000,910700,910700,910700,910700,4,0
49258000,910700,910700,910600,910600,196,0
49266000,911000,911000,911000,911000,1,0
49272000,910600,910600,910600,910600,100,0
49288000,911000,911000,911000,911000,10,0
49315000,911200,911200,911200,911200,110,0
49318000,911000,911000,911000,911000,43,0
49335000,911400,911400,911400,911400,100,0
49351000,911600,911600,911600,911600,66,0
49371000,911300,911300,911300,911300,100,0
49372000,911500,911500,911500,911500,112,0
49394000,911700,911700,911700,911700,100,0
49407000,911746,911746,911746,911746,10,0
49410000,911900,911900,911900,911900,3,0
49433000,911900,911900,911900,911900,2,0
49435000,911930,911930,911930,911930,300,0
49436000,911400,911500,911400,911500,150,0
49438000,911500,911500,911500,911500,100,0
49479000,911500,911500,911500,911500,100,0
49506000,911500,911500,911300,911400,1102,0
49507000,911300,911300,911300,911300,400,0
49544000,911100,911100,910900,910900,1204,0
49565000,910800,910800,910800,910800,1,0
49570000,910600,910600,910600,910600,100,0
49627000,911000,911000,911000,911000,100,0
49628000,910525,910525,910525,910525,20,0
49633000,911000,911000,911000,911000,218,0
49659000,911100,911100,911100,911100,100,0
49673000,911100,911100,911100,911100,200,0
49741000,910900,910900,910900,910900,100,0
49768000,911000,911100,911000,911100,105,0
49794000,911400,911500,911300,911500,560,0
49796000,911700,911700,911700,911700,100,0
49804000,911900,912000,911900,912000,111,0
49805000,911600,911600,911600,911600,100,0
49835000,911800,911800,911800,911800,10,0
49841000,912100,912100,912100,912100,310,0
49843000,912200,912200,912200,912200,150,0
49844000,912200,912200,912200,912200,10,0
49856000,912400,912700,912400,912700,400,0
49857000,912800,912800,912800,912800,100,0
49860000,912800,912800,912800,912800,700,0
49865000,912700,912700,912700,912700,18,0
49872000,912600,912600,912500,912500,700,0
49903000,912100,912500,912100,912400,104,0
49904000,912101,912101,912101,912101,80,0
49907000,912100,912100,912100,912100,304,0
49923000,912699,912699,912699,912699,43,0
49940000,911900,911900,911900,911900,100,0
50003000,911800,911800,911800,911800,100,0
50013000,911400,911400,911400,911400,100,0
50037000,911465,911465,911465,911465,1,0
50073000,911300,911300,911300,911300,300,0
50074000,911100,911100,911100,911100,196,0
50084000,910700,910700,910700,910700,24,0
50086000,910700,910700,910700,910700,100,0
50096000,911000,911000,911000,911000,412,0
50097000,911000,911000,911000,911000,100,0
50135000,911124,911124,911124,911124,590,0
50196000,911600,911600,911600,911600,100,0
50203000,911455,911455,911455,911455,79,0
50212000,911201,911201,911201,911201,9,0
50219000,911201,911201,911201,911201,15,0
50220000,911700,911700,911700,911700,100,0
50249000,911300,911300,911300,911300,94,0
50266000,911200,911200,911200,911200,601,0
50269000,911499,911499,911499,911499,24,0
50271000,911494,911494,911494,911494,100,0
50379000,911100,911100,911100,911100,14,0
50395000,911500,911500,911500,911500,100,0
50400000,911300,911300,911300,911300,6,0
50410000,910900,910900,910900,910900,1,0
50418000,911300,911300,911300,911300,47,0
50476000,910700,910700,910400,910400,516,0
50495000,911199,911199,911199,911199,8,0
50509000,910800,910800,910800,910800,100,0
50514000,910800,910800,910800,910800,100,0
50525000,911000,911000,911000,911000,152,0
50551000,911300,911300,911300,911300,5,0
50558000,911110,911110,911110,911110,100,0
50574000,911200,911200,911200,911200,100,0
50605000,910900,910900,910900,910900,5,0
50617000,911200,911200,911200,911200,100,0
50635000,911400,911400,911400,911400,100,0
50653000,911400,911500,911400,911500,568,0
50679000,911599,911599,911599,911599,6,0
50738000,911699,911699,911699,911699,82,0
50755000,911100,911400,911000,911000,576,0
50825000,911300,911300,911300,911300,5,0
50843000,910500,910500,910400,910400,400,0
50852000,911100,911100,911100,911100,27,0
50854000,910300,910300,910200,910200,405,0
50855000,910100,910100,910100,910100,100,0
50866000,909700,909700,909700,909700,100,0
50880000,909501,909501,909501,909501,21,0
50888000,910100,910100,910100,910100,2,0
50920000,910100,910100,910100,910100,85,0
50986000,909890,909890,909890,909890,100,0
50992000,910200,910200,910200,910200,368,0
51009000,910480,910480,910480,910480,6,0
51011000,910675,910675,910675,910675,82,0
51037000,909956,909956,909956,909956,129,0
51132000,910600,910600,910600,910600,245,0
51148000,910880,910880,910200,910200,1500,0
51151000,910200,910200,910200,910200,3,0
51156000,910800,910800,910800,910800,1,0
51174000,910200,910200,910200,910200,5,0
51182000,910000,910000,909900,909900,400,0
51188000,909700,909700,909700,909700,1,0
51209000,909990,909990,909990,909990,50,0
51240000,909700,909700,909700,909700,300,0
51242000,909700,909700,909700,909700,100,0
51257000,909900,909900,909900,909900,100,0
51262000,909600,909600,909600,909600,100,0
51286000,909750,909750,909750,909750,200,0
51313000,910000,910000,910000,910000,1,0
51314000,910000,910000,910000,910000,1,0
51351000,909763,909763,909750,909750,164,0
51355000,909700,909700,909700,909700,13,0
51361000,910000,910000,910000,910000,210,0
51395000,910100,910100,910100,910100,100,0
51416000,910100,910100,910050,910050,410,0
51424000,910224,910224,910224,910224,1,0
51427000,910599,910599,910599,910599,50,0
51463000,910300,910300,910300,910300,100,0
51473000,910600,910600,910600,910600,100,0
51496000,910800,910800,910800,910800,5,0
51507000,910300,910300,910200,910200,623,0
51509000,910100,910100,910100,910100,1,0
51546000,909900,909900,909900,909900,300,0
51547000,909700,909700,909700,909700,162,0
51616000,909200,909200,909200,909200,100,0
51631000,909100,909300,909100,909200,1594,0
51636000,909300,909300,909300,909300,10,0
51651000,908801,908801,908801,908801,15,0
51657000,909200,909200,909200,909200,100,0
51659000,909200,909200,909200,909200,133,0
51715000,909400,909400,909400,909400,16,0
51751000,909200,909200,909200,909200,26,0
51804000,909400,909400,909400,909400,6,0
51897000,909400,909400,908900,908900,54,0
51939000,909000,909000,908900,909000,667,0
51941000,909100,909100,909100,909100,100,0
51942000,909000,909000,909000,909000,100,0
51948000,908900,908900,908900,908900,218,0
51949000,908800,908800,908700,908700,166,0
51955000,908800,908800,908800,908800,1,0
51963000,908900,908900,908900,908900,84,0
52063000,909000,909100,908700,908700,543,0
52070000,909300,909300,909300,909300,111,0
52093000,909500,909500,909500,909500,5,0
52129000,909500,909500,909500,909500,34,0
52151000,909200,909200,909200,909200,5,0
52181000,909100,909100,909100,909100,9,0
52252000,909391,909391,909391,909391,10,0
52290000,909700,909700,909700,909700,100,0
52361000,909300,909300,909200,909200,636,0
52363000,909100,909200,908800,908800,690,0
52376000,908700,908700,907900,907950,3978,0
52381000,908190,908450,908190,908450,600,0
52390000,908500,908500,908500,908500,163,0
52391000,908100,908100,908100,908100,14,0
52405000,908700,908700,908700,908700,728,0
52406000,908201,908201,908201,908201,5,0
52421000,908800,908800,908800,908800,200,0
52438000,908800,908800,908800,908800,200,0
52565000,908800,908800,908800,908800,1,0
52593000,908600,909000,908600,909000,308,0
52619000,908650,908650,908650,908650,100,0
52659000,908700,908700,908700,908700,100,0
52675000,908700,908700,908700,908700,113,0
52706000,908700,908700,908700,908700,5,0
52708000,908600,908600,908600,908600,10,0
52709000,908600,908700,908600,908700,203,0
52710000,908500,908600,908500,908600,200,0
52726000,908900,908900,908900,908900,316,0
52729000,909300,909300,909300,909300,1,0
52763000,909700,909700,909700,909700,156,0
52780000,909900,909900,909900,909900,100,0
52785000,910000,910000,910000,910000,200,0
52787000,910100,910100,910100,910100,3,0
52789000,910300,910300,910300,910300,100,0
52802000,910100,910100,910100,910100,5,0
52811000,910300,910300,910100,910100,94,0
52839000,910300,910300,910300,910300,238,0
52854000,910600,910600,910600,910600,32,0
52882000,910224,910224,910224,910224,55,0
52890000,910500,910500,910500,910500,100,0
52893000,910400,910400,910100,910100,628,0
52918000,910499,910499,910499,910499,25,0
52920000,910100,910100,910100,910100,1,0
52948000,910300,910300,910300,910300,100,0
52963000,910100,910100,910100,910100,100,0
52974000,910000,910000,910000,910000,706,0
52975000,910000,910000,910000,910000,121,0
52979000,909800,909800,909800,909800,1,0
52984000,909800,909800,909800,909800,5,0
52985000,909600,909600,909600,909600,300,0
52999000,910000,910000,910000,910000,100,0
53023000,909820,909820,909820,909820,5,0
53038000,909900,909900,909780,909780,11,0
53051000,909700,909700,909500,909600,599,0
53054000,909500,909500,909500,909500,100,0
53058000,909400,909400,909400,909400,105,0
53062000,909300,909300,909300,909300,100,0
53069000,909700,909700,909650,909700,500,0
53122000,909400,909400,909400,909400,100,0
53139000,909500,909700,909500,909700,524,0
53182000,909400,909400,909200,909200,450,0
53186000,909200,909200,909100,909100,650,0
53210000,909300,909300,909300,909300,100,0
53271000,909700,909800,909700,909800,100,0
53278000,909400,909400,909400,909400,400,0
53295000,909800,909800,909800,909800,6,0
53306000,909700,909800,909700,909800,111,0
53309000,909500,909500,909500,909500,18,0
53323000,909900,909900,909401,909401,166,0
53352000,909400,909400,909200,909400,500,0
53353000,909300,909300,909300,909300,100,0
53361000,909328,909328,909328,909328,35,0
53364000,909100,909100,908900,908900,300,0
53397000,909200,909200,909200,909200,100,0
53400000,908880,908880,908880,908880,115,0
53431000,909100,909100,909100,909100,100,0
53433000,909100,909100,909100,909100,100,0
53447000,909000,909200,909000,909200,200,0
53448000,909200,909200,909200,909200,441,0
53463000,909300,909300,909300,909300,1,0
53472000,909181,909181,909181,909181,31,0
53506000,909100,909100,909100,909100,3,0
53507000,909100,909100,909100,909100,497,0
53508000,909000,909000,908700,908700,202,0
53511000,908700,908700,908600,908600,298,0
53517000,909000,909000,909000,909000,2,0
53545000,908600,908600,908600,908600,100,0
53557000,908400,908400,908200,908350,606,0
53571000,908100,908100,908100,908100,100,0
53613000,908200,908200,908200,908200,100,0
53647000,908700,908700,908700,908700,21,0
53648000,908450,908450,907900,907900,5500,0
53654000,907800,908000,907800,908000,300,0
53659000,908184,908184,908184,908184,215,0
53693000,907800,907800,907800,907800,100,0
53701000,908200,908200,908200,908200,100,0
53739000,907800,907800,907800,907800,217,0
53752000,907566,907566,907566,907566,15,0
53766000,907900,908000,907900,908000,419,0
53800000,907700,907700,907700,907700,301,0
53817000,907500,907500,907500,907500,50,0
53820000,907200,907200,907200,907200,100,0
53828000,907000,907000,907000,907000,100,0
53835000,907100,907100,907100,907100,100,0
53849000,906500,906500,906500,906500,3,0
53851000,906500,906500,906500,906500,1,0
53854000,906500,906500,906300,906300,203,0
53860000,906200,906200,906200,906200,100,0
53870000,906800,906800,906800,906800,913,0
53872000,907200,907200,907150,907150,500,0
53883000,906649,906950,906649,906950,234,0
53884000,907200,907200,907200,907200,80,0
53892000,906850,906850,906850,906850,100,0
53896000,906850,906850,906800,906800,401,0
53920000,906800,906800,906800,906800,100,0
53930000,907000,907000,907000,907000,100,0
53935000,906700,907200,906700,907200,114,0
53937000,907450,907450,907200,907200,156,0
53972000,907500,907500,907500,907500,110,0
53979000,907800,907800,907800,907800,100,0
53981000,907650,907650,907650,907650,100,0
53992000,907700,907700,907700,907700,10,0
54000000,907800,907800,907800,907800,110,0
54023000,908000,908300,908000,908300,402,0
54028000,908300,908300,908300,908300,200,0
54031000,908500,908500,908300,908300,200,0
54040000,908500,908500,908500,908500,100,0
54055000,908200,908200,908000,908000,920,0
54056000,907900,907900,907900,907900,100,0
54057000,908300,908300,908300,908300,100,0
54058000,908200,908200,908200,908200,100,0
54139000,907801,907801,907801,907801,88,0
54140000,908100,908100,908100,908100,300,0
54155000,908300,908300,908300,908300,91,0
54157000,908500,908500,908500,908500,100,0
54193000,908300,908300,908300,908300,7,0
54196000,908400,908400,908400,908400,8,0
54197000,908499,908499,908499,908499,44,0
54224000,908500,908500,908500,908500,1,0
54236000,907800,907800,907800,907800,67,0
54266000,908200,908200,908200,908200,5,0
54292000,908300,908300,908300,908300,10,0
54298000,908700,908700,908700,908700,110,0
54303000,908800,908800,908800,908800,100,0
54308000,908800,908800,908800,908800,218,0
54318000,909000,909000,909000,909000,100,0
54333000,908460,908460,908460,908460,130,0
54346000,908400,908650,908400,908650,821,0
54347000,908400,908400,908400,908400,200,0
54349000,908400,908400,908400,908400,187,0
54351000,908699,908699,908699,908699,10,0
54352000,908700,908700,908400,908400,200,0
54382000,908590,908590,908590,908590,27,0
54387000,908600,908600,908600,908600,200,0
54421000,908000,908000,908000,908000,33,0
54448000,908200,908200,908000,908001,95,0
54451000,908100,908100,908100,908100,100,0
54454000,908000,908000,908000,908000,100,0
54455000,908000,908000,908000,908000,8,0
54490000,907900,907900,907700,907700,111,0
54496000,908200,908300,908200,908300,150,0
54497000,908300,908400,908300,908400,150,0
54504000,908700,908700,908700,908700,100,0
54510000,908690,908690,908690,908690,1,0
54512000,908800,908800,908800,908800,100,0
54562000,908700,908700,908500,908600,201,0
54564000,908800,908800,908800,908800,3,0
54597000,908200,908200,907900,907900,905,0
54598000,907900,907900,907900,907900,100,0
54641000,908275,908275,908275,908275,15,0
54643000,908000,908000,908000,908000,100,0
54672000,907700,907700,907500,907500,625,0
54680000,907301,907301,907301,907301,56,0
54684000,907300,907900,907300,907900,400,0
54692000,907900,907900,907900,907900,70,0
54696000,907800,907800,907800,907800,100,0
54701000,907900,908100,907900,908100,310,0
54706000,908000,908000,908000,908000,100,0
54732000,908200,908200,908000,908000,140,0
54737000,908200,908200,908200,908200,100,0
54769000,908399,908399,908399,908399,870,0
54774000,907901,907901,907901,907901,6,0
54801000,908400,908400,908400,908400,8,0
54812000,908390,908390,908390,908390,20,0
54813000,908400,908400,908400,908400,150,0
54855000,908699,908699,908699,908699,16,0
54866000,908525,908525,908525,908525,74,0
54870000,908300,908500,908300,908500,300,0
54883000,908700,908700,908700,908700,203,0
54901000,908600,908600,908600,908600,1,0
54907000,908500,908500,908400,908400,500,0
54933000,908100,908100,908100,908100,52,0
54938000,908300,908300,908300,908300,100,0
54975000,908799,908799,908799,908799,14,0
55002000,908664,908664,908400,908400,663,0
55014000,908100,908100,908100,908100,2,0
55029000,908365,908365,908365,908365,400,0
55050000,908100,908100,908000,908100,469,0
55051000,908150,908150,908150,908150,100,0
55066000,907950,907950,907950,907950,60,0
55071000,907950,907950,907950,907950,25,0
55091000,908400,908640,908400,908640,631,0
55093000,908700,908700,908700,908700,9,0
55095000,908600,908600,908600,908600,200,0
55098000,908700,908700,908700,908700,100,0
55100000,908700,908700,908700,908700,4,0
55124000,908653,908653,908653,908653,1,0
55129000,908800,908800,908800,908800,200,0
55148000,908900,908900,908900,908900,2,0
55169000,908700,908700,908500,908500,1200,0
55170000,908600,908900,908600,908900,100,0
55172000,908500,908500,908500,908500,11,0
55192000,908300,908300,908300,908300,1,0
55214000,908300,908300,908300,908300,400,0
55247000,908500,908500,908500,908500,300,0
55249000,908500,908500,908500,908500,317,0
55254000,908310,908310,908300,908300,201,0
55269000,908800,908900,908700,908800,337,0
55278000,909000,909000,908765,909000,908,0
55279000,909020,909020,909020,909020,600,0
55283000,908500,908500,908500,908500,12,0
55296000,908700,908700,908500,908500,221,0
55342000,908400,908400,908400,908400,202,0
55361000,909000,909000,909000,909000,2,0
55364000,909000,909000,909000,909000,100,0
55365000,909000,909000,909000,909000,167,0
55380000,909000,909000,909000,909000,1,0
55400000,909000,909000,909000,909000,28,0
55401000,909000,909000,909000,909000,10,0
55417000,908900,908900,908900,908900,20,0
55421000,908900,908900,908900,908900,10,0
55436000,909000,909000,909000,909000,86,0
55441000,909000,909000,909000,909000,70,0
55446000,909100,909100,909100,909100,100,0
55451000,909100,909100,909100,909100,2,0
55453000,909000,909000,909000,909000,100,0
55457000,909100,909100,909100,909100,100,0
55460000,909100,909100,909100,909100,611,0
55462000,909100,909100,909100,909100,500,0
55466000,909300,909300,909300,909300,100,0
55486000,909100,909100,909000,909000,900,0
55520000,909100,909200,909100,909200,300,0
55539000,909299,909299,909299,909299,36,0
55543000,909173,909173,909173,909173,8,0
55544000,909100,909100,909100,909100,419,0
55547000,909300,909300,909300,909300,100,0
55553000,909000,909000,909000,909000,205,0
55572000,909299,909299,909299,909299,40,0
55582000,909299,909299,909299,909299,50,0
55584000,908800,909050,908600,908600,301,0
55628000,908900,908900,908900,908900,100,0
55650000,909200,909300,909200,909300,586,0
55653000,909500,909500,908900,908900,48,0
55662000,909200,909200,909200,909200,36,0
55697000,909600,909700,909600,909700,300,0
55698000,909900,909900,909900,909900,11,0
55699000,909900,910000,909900,910000,413,0
55713000,910100,910100,910100,910100,101,0
55714000,910055,910055,910055,910055,2,0
55725000,910300,910300,910300,910300,2,0
55733000,910000,910000,910000,910000,125,0
55735000,910300,910300,910300,910300,100,0
55744000,910100,910100,910000,910000,123,0
55752000,910000,910000,910000,910000,488,0
55755000,910000,910000,909900,909900,206,0
55760000,910199,910199,910199,910199,50,0
55777000,910200,910200,910200,910200,787,0
55781000,910160,910300,910160,910300,197,0
55791000,909900,909900,909900,909900,297,0
55795000,909600,909600,909600,909600,100,0
55796000,909600,909600,909500,909500,300,0
55802000,910000,910000,909750,909750,200,0
55808000,910000,910000,910000,910000,100,0
55826000,910200,910200,910200,910200,100,0
55832000,910300,910300,910200,910200,206,0
55836000,910100,910100,910100,910100,441,0
55869000,910000,910000,910000,910000,100,0
55915000,910010,910010,910010,910010,1,0
55972000,910000,910000,909700,909700,1787,0
55974000,909600,909600,909400,909400,750,0
55995000,909300,909300,909300,909300,301,0
55996000,909200,909200,909200,909200,100,0
56004000,909200,909200,909200,909200,300,0
56008000,909200,909200,909100,909100,1005,0
56010000,909400,909500,909400,909500,457,0
56011000,909200,909200,909200,909200,100,0
56031000,909700,909700,909500,909500,629,0
56044000,909700,909700,909700,909700,100,0
56046000,909700,909700,909700,909700,100,0
56054000,910000,910000,910000,910000,100,0
56072000,909700,909700,909400,909400,850,0
56082000,909600,909600,909600,909600,100,0
56086000,909301,909301,909301,909301,6,0
56092000,909700,909700,909700,909700,100,0
56093000,909700,909700,909700,909700,114,0
56099000,909800,909800,909800,909800,80,0
56155000,909996,909996,909996,909996,220,0
56158000,910200,910200,909700,909700,166,0
56168000,910300,910300,910300,910300,100,0
56181000,910000,910000,910000,910000,75,0
56213000,910400,910400,910400,910400,100,0
56240000,910500,910500,910500,910500,200,0
56245000,910500,910500,910500,910500,80,0
56266000,910300,910300,910200,910300,911,0
56267000,910000,910000,909900,909900,518,0
56299000,910070,910070,910070,910070,5,0
56302000,909900,909900,909900,909900,48,0
56317000,909900,909900,909900,909900,400,0
56323000,909600,909600,909600,909600,597,0
56336000,909550,909550,909550,909550,200,0
56360000,909800,909800,909800,909800,70,0
56368000,910000,910000,910000,910000,502,0
56384000,910200,910200,910200,910200,1,0
56386000,910200,910900,910200,910800,3143,0
56387000,910700,911100,910700,911100,550,0
56389000,911000,911000,911000,911000,40,0
56392000,910700,910700,910700,910700,152,0
56397000,911000,911000,911000,911000,30,0
56409000,911300,911500,911300,911500,405,0
56424000,911300,911300,911100,911100,1400,0
56448000,911000,911000,911000,911000,41,0
56449000,911100,911100,911001,911001,146,0
56463000,911500,911500,911500,911500,2,0
56464000,911600,911600,911600,911600,113,0
56487000,911600,911600,911500,911500,952,0
56503000,911400,911400,911400,911400,1,0
56509000,911700,911700,911700,911700,1,0
56545000,911600,911600,911500,911500,601,0
56580000,911600,911700,911400,911400,548,0
56589000,911700,911800,911700,911800,186,0
56600000,911900,911900,911900,911900,2,0
56602000,911900,911900,911900,911900,210,0
56605000,911833,911900,911833,911900,150,0
56609000,911660,911660,911660,911660,25,0
56613000,912200,912300,912200,912300,218,0
56617000,912300,912300,912300,912300,87,0
56618000,912400,912400,912400,912400,193,0
56619000,912400,912400,912400,912400,5,0
56620000,912000,912000,912000,912000,100,0
56635000,912100,912300,912100,912300,294,0
56642000,912100,912300,911900,912300,1308,0
56648000,912100,912300,912100,912300,200,0
56660000,912400,912400,912400,912400,22,0
56666000,912500,912700,912500,912700,600,0
56685000,912800,912800,912800,912800,100,0
56691000,912700,912800,912600,912700,1350,0
56692000,912800,912800,912700,912700,203,0
56694000,912600,912600,912600,912600,15,0
56704000,912400,912400,912400,912400,1,0
56713000,912400,912600,912100,912300,913,0
56722000,911801,911801,911801,911801,28,0
56731000,912399,912399,912399,912399,6,0
56759000,911700,911700,911700,911700,100,0
56767000,912100,912100,912050,912100,800,0
56770000,912100,912500,912100,912500,1105,0
56775000,912000,912000,912000,912000,100,0
56795000,911800,911800,911800,911800,100,0
56809000,911900,911900,911900,911900,2,0
56819000,911900,911900,911900,911900,45,0
56820000,912000,912000,912000,912000,330,0
56822000,912050,912050,912000,912000,148,0
56823000,912000,912000,912000,912000,152,0
56827000,911900,911900,911900,911900,141,0
56862000,911800,911800,911800,911800,200,0
56888000,911900,911900,911900,911900,16,0
56896000,911900,911900,911700,911700,350,0
56900000,911700,911700,911700,911700,680,0
56911000,911900,911900,911900,911900,182,0
56938000,911800,911800,911800,911800,100,0
56947000,911800,911900,911800,911800,983,0
56950000,912100,912100,912100,912100,3,0
56954000,912100,912100,912100,912100,101,0
56955000,912200,912200,912200,912200,200,0
56961000,912300,912300,912200,912300,805,0
56963000,912200,912446,912200,912446,662,0
56967000,912400,912400,912400,912400,100,0
56968000,912400,912400,912400,912400,2,0
56970000,912600,912600,912600,912600,18,0
57002000,912400,912400,912400,912400,1,0
57003000,912400,912400,912400,912400,129,0
57006000,912500,912500,912500,912500,100,0
57007000,912500,912500,912500,912500,100,0
57010000,912500,912500,912500,912500,300,0
57013000,912600,912600,912600,912600,1,0
57027000,912700,912700,912550,912600,666,0
57039000,912600,912600,912400,912600,2439,0
57040000,912100,912100,912100,912100,103,0
57056000,912400,912400,912400,912400,1,0
57074000,912000,912000,912000,912000,39,0
57079000,912000,912000,912000,912000,354,0
57085000,912100,912100,912100,912100,44,0
57098000,911900,912000,911900,912000,110,0
57103000,912000,912000,912000,912000,100,0
57108000,911900,912000,911900,911900,501,0
57109000,911800,911800,911800,911800,100,0
57126000,911300,911300,911300,911300,51,0
57129000,911900,912000,911900,912000,563,0
57146000,912100,912100,912100,912100,4,0
57149000,912100,912100,912100,912100,24,0
57157000,911800,911800,911700,911700,710,0
57173000,911743,911743,911743,911743,100,0
57174000,911700,911700,911700,911700,28,0
57179000,911700,911700,911600,911600,400,0
57190000,911700,911700,911700,911700,786,0
57191000,911600,911600,911600,911600,100,0
57194000,911800,911800,911800,911800,100,0
57195000,911700,911700,911700,911700,100,0
57197000,911900,911900,911900,911900,10,0
57235000,911700,911700,911700,911700,986,0
57236000,911750,911750,911750,911750,100,0
57237000,911600,911705,911600,911705,300,0
57268000,911550,911700,911550,911700,401,0
57271000,911700,911700,911700,911700,100,0
57276000,911700,911700,911700,911700,120,0
57286000,911900,911900,911900,911900,90,0
57290000,911900,911900,911900,911900,100,0
57295000,911900,911900,911900,911900,110,0
57297000,912000,912000,911800,911800,565,0
57317000,911800,912000,911800,912000,128,0
57322000,912100,912100,912100,912100,2,0
57323000,912000,912000,911800,911900,1970,0
57324000,912100,912100,912100,912100,3,0
57326000,911900,911900,911900,911900,100,0
57327000,912000,912000,912000,912000,100,0
57342000,912100,912100,912100,912100,1289,0
57359000,912100,912100,912100,912100,2,0
57361000,912100,912100,912100,912100,183,0
57372000,912100,912100,911800,911800,200,0
57377000,911900,911900,911800,911800,100,0
57378000,911800,911800,911800,911800,844,0
57395000,911700,911700,911699,911699,832,0
57396000,911600,911600,911600,911600,58,0
57397000,911700,911700,911700,911700,100,0
57400000,911600,911600,911600,911600,100,0
57409000,911700,911700,911700,911700,100,0
57412000,911700,911700,911700,911700,200,0
57420000,911600,911600,911600,911600,100,0
57422000,911700,911800,911700,911800,416,0
57424000,911700,911800,911700,911800,300,0
57426000,911800,911800,911800,911800,137,0
57436000,911736,911736,911736,911736,100,0
57439000,911700,911700,911700,911700,548,0
57443000,911800,911800,911800,911800,419,0
57447000,911700,911700,911700,911700,500,0
57450000,911600,911600,911600,911600,2,0
57452000,911600,911800,911600,911800,215,0
57454000,911700,911700,911700,911700,100,0
57455000,911600,911601,911600,911600,754,0
57458000,911500,911500,911500,911500,100,0
57459000,911500,911500,911500,911500,50,0
57462000,911550,911550,911500,911500,200,0
57469000,911600,911700,911500,911700,1227,0
57470000,911600,911600,911600,911600,79,0
57473000,911700,911700,911700,911700,360,0
57480000,911600,911600,911600,911600,100,0
57489000,911600,911600,911600,911600,100,0
57490000,911600,911600,911600,911600,98,0
57500000,911600,911800,911500,911500,607,0
57510000,911800,911800,911800,911800,200,0
57511000,911800,911800,911800,911800,94,0
57516000,911900,911900,911700,911700,208,0
57517000,911900,911900,911900,911900,55,0
57518000,912000,912000,912000,912000,400,0
57520000,912000,912000,912000,912000,202,0
57521000,912000,912100,912000,912100,103,0
57524000,912000,912000,912000,912000,318,0
57526000,912000,912000,912000,912000,1,0
57533000,912100,912100,912000,912100,422,0
57535000,911900,911900,911900,911900,10,0
57537000,912100,912100,912100,912100,40,0
57539000,912100,912100,912100,912100,23,0
57540000,912100,912100,912000,912000,164,0
57541000,912200,912500,912000,912500,478,0
57542000,912599,912600,912500,912600,363,0
57545000,912600,912600,912600,912600,50,0
57547000,912600,912600,912600,912600,812,0
57549000,912500,912500,912401,912500,1330,0
57552000,912400,912400,912400,912400,200,0
57554000,912600,912600,912600,912600,377,0
57561000,912800,912800,912800,912800,41,0
57565000,912800,912800,912800,912800,61,0
57567000,912800,912900,912800,912900,139,0
57568000,912900,912900,912800,912800,155,0
57569000,912900,912900,912900,912900,500,0
57570000,912800,912800,912700,912800,400,0
57572000,912800,912800,912800,912800,100,0
57573000,912900,912900,912900,912900,28,0
57574000,912700,912700,912700,912700,400,0
57575000,912700,913000,912700,912800,95,0
57576000,912800,912800,912800,912800,328,0
57577000,912800,912800,912800,912800,228,0
57578000,912700,912700,912700,912700,100,0
57579000,912900,913000,912900,913000,200,0
57580000,913000,913000,912800,912800,287,0
57581000,912800,912800,912800,912800,20,0
57584000,912800,913300,912800,913300,234,0
57585000,912900,913300,912900,913300,188,0
57588000,912900,912900,912800,912800,261,0
57589000,912800,912800,912800,912800,21,0
57590000,912800,912800,912800,912800,48,0
57591000,912600,912600,912600,912600,10,0
57592000,913000,913000,912700,912700,92,0
57594000,912900,912900,912900,912900,40,0
57595000,913200,913400,913200,913400,550,0
57596000,913300,913400,913300,913400,200,0
57597000,913400,913500,913400,913400,138,0
57598000,913400,913400,913400,913400,232,0
57599000,913400,913400,913400,913400,300,0
57600000,913400,913400,913400,913400,43862,0
57605000,913400,913400,913400,913400,8533,0
58499000,913400,913400,913400,913400,110,0
58500000,913400,913400,913400,913400,158,0
